#ifndef PICOPRO_SELECTOR_APP_ICONS_H_
#define PICOPRO_SELECTOR_APP_ICONS_H_

#include <stddef.h>
#include <stdint.h>

#define PICOPRO_SELECTOR_ICON_FRAME_BYTES 256u

typedef struct {
  const uint8_t (*frames)[PICOPRO_SELECTOR_ICON_FRAME_BYTES];
  uint8_t frame_count;
} PicoProSelectorIcon;

static const uint8_t PICOPRO_SELECTOR_DELAY_ICON_FRAMES[][PICOPRO_SELECTOR_ICON_FRAME_BYTES] = {
  { // frame 1
    0x00, 0x00, 0x00, 0x00, 0x00, 0x00, 0x00, 0x00, 0x00, 0x00, 0x00, 0x00, 0x00, 0x80, 0x80, 0xc0,
    0xe0, 0x60, 0x60, 0x60, 0x60, 0x60, 0x60, 0xe0, 0xc0, 0x80, 0x80, 0x40, 0xc0, 0xc0, 0xc0, 0xc0,
    0xc0, 0xc0, 0xc0, 0xc0, 0xc0, 0xc0, 0xc0, 0xc0, 0xc0, 0x40, 0x80, 0x80, 0xc0, 0xe0, 0x60, 0x60,
    0x60, 0x60, 0x60, 0x60, 0xe0, 0xc0, 0x80, 0x80, 0x00, 0x00, 0x00, 0x00, 0x00, 0x00, 0x00, 0x00,
    0x00, 0x00, 0x00, 0x00, 0x00, 0x00, 0x00, 0x00, 0x00, 0x00, 0x78, 0x7c, 0x0f, 0x03, 0x39, 0x3c,
    0x38, 0x30, 0x20, 0xc0, 0xc0, 0x20, 0x30, 0x38, 0x3c, 0x39, 0x03, 0x0f, 0xfc, 0xf8, 0x00, 0xd8,
    0xd8, 0xd8, 0xd8, 0xd8, 0xd8, 0xd8, 0x00, 0xf8, 0xfc, 0x0f, 0x03, 0x39, 0x3c, 0x38, 0x30, 0x20,
    0xc0, 0xc0, 0x20, 0x30, 0x38, 0x3c, 0x39, 0x03, 0x0f, 0xfc, 0xf8, 0x00, 0x00, 0x00, 0x00, 0x00,
    0x00, 0x00, 0x00, 0x00, 0x00, 0xc2, 0xfe, 0xfe, 0x0e, 0x02, 0x02, 0x86, 0xfc, 0xfc, 0xf8, 0x00,
    0xc0, 0xc0, 0x68, 0x2e, 0xee, 0xe8, 0x00, 0x80, 0xf2, 0x7e, 0x0e, 0x00, 0x80, 0xc3, 0xe0, 0x6f,
    0xef, 0xef, 0xcf, 0x0f, 0xcf, 0xe7, 0xe0, 0xc3, 0x01, 0x00, 0xe0, 0xe0, 0x00, 0x00, 0x00, 0xb8,
    0xbe, 0xbe, 0xb8, 0x80, 0xc0, 0xc0, 0x60, 0x70, 0xbc, 0x0f, 0x07, 0x00, 0x00, 0x00, 0x00, 0x00,
    0x00, 0x00, 0x00, 0x08, 0x0e, 0x0f, 0x0f, 0x08, 0x08, 0x0c, 0x0e, 0x07, 0x07, 0x03, 0x00, 0x07,
    0x0f, 0x0f, 0x0b, 0x09, 0x0d, 0x00, 0x0c, 0x0f, 0x0f, 0x0c, 0x04, 0x06, 0x0f, 0x0d, 0x0c, 0x06,
    0x0f, 0x0f, 0xc8, 0xc0, 0xc1, 0x60, 0x73, 0x3f, 0x1e, 0x0c, 0x07, 0x01, 0x00, 0x00, 0x08, 0x0d,
    0x0d, 0x0d, 0x0d, 0x0d, 0x0d, 0x0c, 0x0e, 0x0f, 0x0f, 0x00, 0x00, 0x00, 0x00, 0x00, 0x00, 0x00,
  },
  { // frame 2
    0x00, 0x00, 0x00, 0x00, 0x00, 0x00, 0x00, 0x00, 0x00, 0x00, 0x00, 0x00, 0x00, 0x80, 0x80, 0xc0,
    0xe0, 0x60, 0x60, 0x60, 0x60, 0x60, 0x60, 0xe0, 0xc0, 0x80, 0x80, 0x40, 0xc0, 0x40, 0xc0, 0xc0,
    0xc0, 0xc0, 0xc0, 0xc0, 0xc0, 0xc0, 0xc0, 0xc0, 0xc0, 0x40, 0x80, 0x80, 0xc0, 0xe0, 0x60, 0x60,
    0x60, 0x60, 0x60, 0x60, 0xe0, 0xc0, 0x80, 0x80, 0x00, 0x00, 0x00, 0x00, 0x00, 0x00, 0x00, 0x00,
    0x00, 0x00, 0x00, 0x00, 0x00, 0x00, 0x00, 0x00, 0x00, 0x00, 0x78, 0x7c, 0x0f, 0x03, 0x01, 0x0c,
    0x1e, 0x1c, 0x38, 0xc0, 0xc0, 0x00, 0x40, 0x70, 0x70, 0x71, 0x63, 0x0f, 0xfc, 0xf8, 0x00, 0xd8,
    0xd8, 0xd8, 0xd8, 0xd8, 0xd8, 0xd8, 0x00, 0xf8, 0xfc, 0x0f, 0x03, 0x01, 0x0c, 0x1e, 0x1c, 0x38,
    0xc0, 0xc0, 0x00, 0x40, 0x70, 0x70, 0x71, 0x63, 0x0f, 0xfc, 0xf8, 0x00, 0x00, 0x00, 0x00, 0x00,
    0x00, 0x00, 0x00, 0x00, 0x00, 0xc2, 0xfe, 0xfe, 0x0e, 0x02, 0x02, 0x86, 0xfc, 0xfc, 0xf8, 0x00,
    0xc0, 0xcc, 0x6e, 0x2e, 0xe0, 0xe0, 0x00, 0x80, 0xf2, 0x7e, 0x0e, 0x00, 0x80, 0xc3, 0xe0, 0x6f,
    0xef, 0xef, 0xcf, 0x0f, 0xcf, 0xe7, 0xe0, 0xc3, 0x01, 0x00, 0xe0, 0xe0, 0x00, 0x10, 0x3c, 0xbe,
    0xbe, 0x80, 0x80, 0x80, 0xc0, 0xc0, 0x60, 0x70, 0xbc, 0x0f, 0x07, 0x00, 0x00, 0x00, 0x00, 0x00,
    0x00, 0x00, 0x00, 0x08, 0x0e, 0x0f, 0x0f, 0x08, 0x08, 0x0c, 0x0e, 0x07, 0x07, 0x03, 0x00, 0x07,
    0x0f, 0x0f, 0x0b, 0x09, 0x0d, 0x00, 0x0c, 0x0f, 0x0f, 0x0c, 0x04, 0x06, 0x0f, 0x0d, 0x0c, 0x06,
    0x0f, 0x0f, 0xc8, 0xc0, 0xc1, 0x60, 0x73, 0x3f, 0x1e, 0x0c, 0x07, 0x01, 0x00, 0x00, 0x08, 0x0d,
    0x0d, 0x0d, 0x0d, 0x0d, 0x0d, 0x0c, 0x0e, 0x0f, 0x0f, 0x00, 0x00, 0x00, 0x00, 0x00, 0x00, 0x00,
  },
  { // frame 3
    0x00, 0x00, 0x00, 0x00, 0x00, 0x00, 0x00, 0x00, 0x00, 0x00, 0x00, 0x00, 0x00, 0x80, 0x80, 0xc0,
    0xe0, 0x60, 0x60, 0x60, 0x60, 0x60, 0x60, 0xe0, 0xc0, 0x80, 0x80, 0x40, 0xc0, 0xc0, 0xc0, 0xc0,
    0x40, 0xc0, 0xc0, 0xc0, 0xc0, 0xc0, 0xc0, 0xc0, 0xc0, 0x40, 0x80, 0x80, 0xc0, 0xe0, 0x60, 0x60,
    0x60, 0x60, 0x60, 0x60, 0xe0, 0xc0, 0x80, 0x80, 0x00, 0x00, 0x00, 0x00, 0x00, 0x00, 0x00, 0x00,
    0x00, 0x00, 0x00, 0x00, 0x00, 0x00, 0x00, 0x00, 0x00, 0x00, 0x78, 0x7c, 0x0f, 0x03, 0x01, 0x00,
    0x02, 0x07, 0x0f, 0xde, 0xc0, 0x00, 0x40, 0xc0, 0xe0, 0xe1, 0xe3, 0x0f, 0xfc, 0xf8, 0x00, 0xd8,
    0xd8, 0xd8, 0xd8, 0xd8, 0xd8, 0xd8, 0x00, 0xf8, 0xfc, 0x0f, 0x03, 0x01, 0x00, 0x02, 0x07, 0x0f,
    0xde, 0xc0, 0x00, 0x40, 0xc0, 0xe0, 0xe1, 0xe3, 0x0f, 0xfc, 0xf8, 0x00, 0x00, 0x00, 0x00, 0x00,
    0x00, 0x00, 0x00, 0x00, 0x00, 0xc2, 0xfe, 0xfe, 0x0e, 0x02, 0x02, 0x86, 0xfc, 0xfc, 0xf8, 0x04,
    0xce, 0xcf, 0x66, 0x20, 0xe0, 0xe0, 0x00, 0x80, 0xf2, 0x7e, 0x0e, 0x00, 0x80, 0xc3, 0xe0, 0x6f,
    0xef, 0xef, 0xcf, 0x0f, 0xcf, 0xe7, 0xe0, 0xc3, 0x01, 0x00, 0xe0, 0xe0, 0x04, 0x1e, 0x1f, 0x8e,
    0x80, 0x80, 0x80, 0x80, 0xc0, 0xc0, 0x60, 0x70, 0xbc, 0x0f, 0x07, 0x00, 0x00, 0x00, 0x00, 0x00,
    0x00, 0x00, 0x00, 0x08, 0x0e, 0x0f, 0x0f, 0x08, 0x08, 0x0c, 0x0e, 0x07, 0x07, 0x03, 0x00, 0x07,
    0x0f, 0x0f, 0x0b, 0x09, 0x0d, 0x00, 0x0c, 0x0f, 0x0f, 0x0c, 0x04, 0x06, 0x0f, 0x0d, 0x0c, 0x06,
    0x0f, 0x0f, 0xc8, 0xc0, 0xc1, 0x60, 0x73, 0x3f, 0x1e, 0x0c, 0x07, 0x01, 0x00, 0x00, 0x08, 0x0d,
    0x0d, 0x0d, 0x0d, 0x0d, 0x0d, 0x0c, 0x0e, 0x0f, 0x0f, 0x00, 0x00, 0x00, 0x00, 0x00, 0x00, 0x00,
  },
  { // frame 4
    0x00, 0x00, 0x00, 0x00, 0x00, 0x00, 0x00, 0x00, 0x00, 0x00, 0x00, 0x00, 0x00, 0x80, 0x80, 0xc0,
    0xe0, 0x60, 0x60, 0x60, 0x60, 0x60, 0x60, 0xe0, 0xc0, 0x80, 0x80, 0x40, 0xc0, 0xc0, 0xc0, 0xc0,
    0xc0, 0xc0, 0x40, 0xc0, 0xc0, 0xc0, 0xc0, 0xc0, 0xc0, 0x40, 0x80, 0x80, 0xc0, 0xe0, 0x60, 0x60,
    0x60, 0x60, 0x60, 0x60, 0xe0, 0xc0, 0x80, 0x80, 0x00, 0x00, 0x00, 0x00, 0x00, 0x00, 0x00, 0x00,
    0x00, 0x00, 0x00, 0x00, 0x00, 0x00, 0x00, 0x00, 0x00, 0x00, 0x78, 0x7c, 0x0f, 0x03, 0x01, 0x00,
    0x00, 0x00, 0x07, 0xdf, 0xcf, 0x00, 0x80, 0x80, 0x80, 0x81, 0x03, 0x0f, 0xfc, 0xf8, 0x00, 0xd8,
    0xd8, 0xd8, 0xd8, 0xd8, 0xd8, 0xd8, 0x00, 0xf8, 0xfc, 0x0f, 0x03, 0x01, 0x00, 0x00, 0x00, 0x07,
    0xdf, 0xcf, 0x00, 0x80, 0x80, 0x80, 0x81, 0x03, 0x0f, 0xfc, 0xf8, 0x00, 0x00, 0x00, 0x00, 0x00,
    0x00, 0x00, 0x00, 0x00, 0x00, 0xc2, 0xfe, 0xfe, 0x0e, 0x02, 0x02, 0x86, 0xfc, 0xfc, 0xf8, 0x07,
    0xc7, 0xc3, 0x62, 0x20, 0xe0, 0xe0, 0x00, 0x80, 0xf2, 0x7e, 0x0e, 0x00, 0x80, 0xc3, 0xe0, 0x6f,
    0xef, 0xef, 0xcf, 0x0f, 0xcf, 0xe7, 0xe0, 0xc3, 0x01, 0x00, 0xe0, 0xe6, 0x0f, 0x07, 0x03, 0x82,
    0x80, 0x80, 0x80, 0x80, 0xc3, 0xc7, 0x67, 0x71, 0xbc, 0x0f, 0x07, 0x00, 0x00, 0x00, 0x00, 0x00,
    0x00, 0x00, 0x00, 0x08, 0x0e, 0x0f, 0x0f, 0x08, 0x08, 0x0c, 0x0e, 0x07, 0x07, 0x03, 0x00, 0x07,
    0x0f, 0x0f, 0x0b, 0x09, 0x0d, 0x00, 0x0c, 0x0f, 0x0f, 0x0c, 0x04, 0x06, 0x0f, 0x0d, 0x0c, 0x06,
    0x0f, 0x0f, 0xc8, 0xc0, 0xc1, 0x60, 0x73, 0x3f, 0x1e, 0x0c, 0x07, 0x01, 0x00, 0x00, 0x08, 0x0d,
    0x0d, 0x0d, 0x0d, 0x0d, 0x0d, 0x0c, 0x0e, 0x0f, 0x0f, 0x00, 0x00, 0x00, 0x00, 0x00, 0x00, 0x00,
  },
  { // frame 5
    0x00, 0x00, 0x00, 0x00, 0x00, 0x00, 0x00, 0x00, 0x00, 0x00, 0x00, 0x00, 0x00, 0x80, 0x80, 0xc0,
    0xe0, 0x60, 0x60, 0x60, 0x60, 0x60, 0x60, 0xe0, 0xc0, 0x80, 0x80, 0x40, 0xc0, 0xc0, 0xc0, 0xc0,
    0xc0, 0xc0, 0xc0, 0xc0, 0x40, 0xc0, 0xc0, 0xc0, 0xc0, 0x40, 0x80, 0x80, 0xc0, 0xe0, 0x60, 0x60,
    0x60, 0x60, 0x60, 0x60, 0xe0, 0xc0, 0x80, 0x80, 0x00, 0x00, 0x00, 0x00, 0x00, 0x00, 0x00, 0x00,
    0x00, 0x00, 0x00, 0x00, 0x00, 0x00, 0x00, 0x00, 0x00, 0x00, 0x78, 0x7c, 0x0f, 0x03, 0x81, 0x80,
    0x80, 0x80, 0x00, 0xc0, 0xdf, 0x1f, 0x0e, 0x02, 0x00, 0x01, 0x03, 0x0f, 0xfc, 0xf8, 0x00, 0xd8,
    0xd8, 0xd8, 0xd8, 0xd8, 0xd8, 0xd8, 0x00, 0xf8, 0xfc, 0x0f, 0x03, 0x81, 0x80, 0x80, 0x80, 0x00,
    0xc0, 0xdf, 0x1f, 0x0e, 0x02, 0x00, 0x01, 0x03, 0x0f, 0xfc, 0xf8, 0x00, 0x00, 0x00, 0x00, 0x00,
    0x00, 0x00, 0x00, 0x00, 0x00, 0xc2, 0xfe, 0xfe, 0x0e, 0x02, 0x02, 0x86, 0xfc, 0xfc, 0xf9, 0x03,
    0xc3, 0xc1, 0x60, 0x20, 0xe0, 0xe0, 0x03, 0x80, 0xf2, 0x7e, 0x0e, 0x00, 0x80, 0xc3, 0xe0, 0x6f,
    0xef, 0xef, 0xcf, 0x0f, 0xcf, 0xe7, 0xe0, 0xc3, 0x01, 0x00, 0xe0, 0xe3, 0x03, 0x03, 0x01, 0x80,
    0x80, 0x80, 0x80, 0x87, 0xcf, 0xcf, 0x66, 0x70, 0xbc, 0x0f, 0x07, 0x00, 0x00, 0x00, 0x00, 0x00,
    0x00, 0x00, 0x00, 0x08, 0x0e, 0x0f, 0x0f, 0x08, 0x08, 0x0c, 0x0e, 0x07, 0x07, 0x03, 0x00, 0x07,
    0x0f, 0x0f, 0x0b, 0x09, 0x0d, 0x00, 0x0c, 0x0f, 0x0f, 0x0c, 0x04, 0x06, 0x0f, 0x0d, 0x0c, 0x06,
    0x0f, 0x0f, 0xc8, 0xc0, 0xc1, 0x60, 0x73, 0x3f, 0x1e, 0x0c, 0x07, 0x01, 0x00, 0x00, 0x08, 0x0d,
    0x0d, 0x0d, 0x0d, 0x0d, 0x0d, 0x0c, 0x0e, 0x0f, 0x0f, 0x00, 0x00, 0x00, 0x00, 0x00, 0x00, 0x00,
  },
  { // frame 6
    0x00, 0x00, 0x00, 0x00, 0x00, 0x00, 0x00, 0x00, 0x00, 0x00, 0x00, 0x00, 0x00, 0x80, 0x80, 0xc0,
    0xe0, 0x60, 0x60, 0x60, 0x60, 0x60, 0x60, 0xe0, 0xc0, 0x80, 0x80, 0x40, 0xc0, 0xc0, 0xc0, 0xc0,
    0xc0, 0xc0, 0xc0, 0xc0, 0xc0, 0xc0, 0xc0, 0x40, 0xc0, 0x40, 0x80, 0x80, 0xc0, 0xe0, 0x60, 0x60,
    0x60, 0x60, 0x60, 0x60, 0xe0, 0xc0, 0x80, 0x80, 0x00, 0x00, 0x00, 0x00, 0x00, 0x00, 0x00, 0x00,
    0x00, 0x00, 0x00, 0x00, 0x00, 0x00, 0x00, 0x00, 0x00, 0x00, 0x78, 0x7c, 0x0f, 0xe3, 0xe1, 0xe0,
    0xc0, 0xc0, 0x00, 0xc0, 0xc0, 0x18, 0x1e, 0x1e, 0x1c, 0x01, 0x03, 0x0f, 0xfc, 0xf8, 0x00, 0xd8,
    0xd8, 0xd8, 0xd8, 0xd8, 0xd8, 0xd8, 0x00, 0xf8, 0xfc, 0x0f, 0xe3, 0xe1, 0xe0, 0xc0, 0xc0, 0x00,
    0xc0, 0xc0, 0x18, 0x1e, 0x1e, 0x1c, 0x01, 0x03, 0x0f, 0xfc, 0xf8, 0x00, 0x00, 0x00, 0x00, 0x00,
    0x00, 0x00, 0x00, 0x00, 0x00, 0xc2, 0xfe, 0xfe, 0x0e, 0x02, 0x02, 0x86, 0xfc, 0xfc, 0xf9, 0x01,
    0xc0, 0xc0, 0x60, 0x20, 0xe6, 0xe6, 0x04, 0x80, 0xf2, 0x7e, 0x0e, 0x00, 0x80, 0xc3, 0xe0, 0x6f,
    0xef, 0xef, 0xcf, 0x0f, 0xcf, 0xe7, 0xe0, 0xc3, 0x01, 0x00, 0xe0, 0xe1, 0x01, 0x00, 0x00, 0x80,
    0x80, 0x9e, 0x9e, 0x9c, 0xc0, 0xc0, 0x60, 0x70, 0xbc, 0x0f, 0x07, 0x00, 0x00, 0x00, 0x00, 0x00,
    0x00, 0x00, 0x00, 0x08, 0x0e, 0x0f, 0x0f, 0x08, 0x08, 0x0c, 0x0e, 0x07, 0x07, 0x03, 0x00, 0x07,
    0x0f, 0x0f, 0x0b, 0x09, 0x0d, 0x00, 0x0c, 0x0f, 0x0f, 0x0c, 0x04, 0x06, 0x0f, 0x0d, 0x0c, 0x06,
    0x0f, 0x0f, 0xc8, 0xc0, 0xc1, 0x60, 0x73, 0x3f, 0x1e, 0x0c, 0x07, 0x01, 0x00, 0x00, 0x08, 0x0d,
    0x0d, 0x0d, 0x0d, 0x0d, 0x0d, 0x0c, 0x0e, 0x0f, 0x0f, 0x00, 0x00, 0x00, 0x00, 0x00, 0x00, 0x00,
  },
};

static const uint8_t PICOPRO_SELECTOR_REVERB_ICON_FRAMES[][PICOPRO_SELECTOR_ICON_FRAME_BYTES] = {
  { // frame 1
    0x00, 0x00, 0x00, 0x00, 0x00, 0x00, 0x00, 0x00, 0x00, 0x00, 0x00, 0x00, 0x00, 0x00, 0x00, 0x00,
    0x00, 0x00, 0x00, 0x00, 0x00, 0x00, 0x00, 0x00, 0x00, 0x00, 0x00, 0x00, 0x00, 0x00, 0x00, 0x00,
    0x00, 0x00, 0x00, 0x00, 0x00, 0x00, 0x00, 0x00, 0x00, 0x00, 0x00, 0x00, 0x00, 0x00, 0x00, 0x00,
    0x00, 0x00, 0x00, 0x00, 0x00, 0x00, 0x00, 0x00, 0x00, 0x00, 0x00, 0x00, 0x00, 0x00, 0x00, 0x00,
    0x00, 0x00, 0x00, 0x00, 0x00, 0x00, 0x00, 0x00, 0x00, 0x00, 0x00, 0x00, 0x00, 0x00, 0x00, 0x00,
    0x00, 0x00, 0x00, 0x00, 0x00, 0x00, 0x00, 0x00, 0x00, 0x00, 0x00, 0x00, 0x00, 0x00, 0x00, 0x00,
    0x00, 0x00, 0x00, 0x00, 0x00, 0x00, 0x00, 0x00, 0x00, 0x00, 0x00, 0x00, 0x00, 0x00, 0x00, 0x00,
    0x00, 0x00, 0x00, 0x00, 0x00, 0x00, 0x00, 0x00, 0x00, 0x00, 0x00, 0x00, 0x00, 0x00, 0x00, 0x00,
    0x00, 0x00, 0x00, 0x00, 0x00, 0x82, 0xf6, 0xfe, 0xde, 0xc6, 0xc6, 0xe6, 0x7e, 0x7e, 0x0c, 0x80,
    0xc0, 0x60, 0x20, 0xe0, 0xe0, 0x40, 0x40, 0x60, 0xe0, 0x60, 0x00, 0xc0, 0xe0, 0x80, 0xc0, 0x60,
    0x20, 0xe0, 0xe0, 0x80, 0xc0, 0xe0, 0xe0, 0xc0, 0x40, 0x60, 0x60, 0xc2, 0xfa, 0xfe, 0x6e, 0x60,
    0xe0, 0xc0, 0x00, 0x00, 0x00, 0x00, 0x00, 0x00, 0x00, 0x00, 0x00, 0x00, 0x00, 0x00, 0x00, 0x00,
    0x00, 0x00, 0x00, 0x08, 0x0e, 0x0f, 0x0b, 0x08, 0x00, 0x01, 0x07, 0x0f, 0x0e, 0x08, 0x07, 0x0f,
    0x0f, 0x0b, 0x09, 0x0d, 0x00, 0x00, 0x06, 0x0f, 0x09, 0x0c, 0x0e, 0x07, 0x07, 0x0f, 0x0f, 0x0b,
    0x09, 0x0d, 0x00, 0x08, 0x0e, 0x0f, 0x03, 0x00, 0x00, 0x08, 0x0e, 0x0f, 0x0f, 0x08, 0x08, 0x0e,
    0x07, 0x03, 0x00, 0x00, 0x00, 0x00, 0x00, 0x00, 0x00, 0x00, 0x00, 0x00, 0x00, 0x00, 0x00, 0x00,
  },
  { // frame 2
    0x00, 0x00, 0x00, 0x00, 0x00, 0x00, 0x00, 0x00, 0x00, 0x00, 0x00, 0x00, 0x00, 0x00, 0x00, 0x00,
    0x00, 0x00, 0x00, 0x00, 0x00, 0x00, 0x00, 0x00, 0x00, 0x00, 0x00, 0x00, 0x00, 0x00, 0x00, 0x00,
    0x00, 0x00, 0x00, 0x00, 0x00, 0x00, 0x00, 0x00, 0x00, 0x00, 0x00, 0x00, 0x00, 0x00, 0x00, 0x00,
    0x00, 0x00, 0x00, 0x00, 0x00, 0x00, 0x00, 0x00, 0x00, 0x00, 0x00, 0x00, 0x00, 0x00, 0x00, 0x00,
    0x00, 0x00, 0x00, 0x00, 0x00, 0x00, 0x00, 0x00, 0x00, 0x00, 0x00, 0x00, 0x00, 0x00, 0x00, 0x00,
    0x00, 0x00, 0x00, 0x00, 0x00, 0x00, 0x00, 0x00, 0x00, 0x00, 0x00, 0x00, 0x00, 0x00, 0x00, 0x00,
    0x00, 0x00, 0x00, 0x00, 0x00, 0x00, 0x00, 0x00, 0x00, 0x00, 0x00, 0x00, 0x00, 0x00, 0x00, 0x00,
    0x00, 0x00, 0x00, 0x00, 0x00, 0x00, 0x00, 0x00, 0x00, 0x00, 0x00, 0x00, 0x00, 0x00, 0x00, 0x00,
    0x00, 0x00, 0x00, 0x00, 0x00, 0x82, 0xf6, 0xfe, 0xde, 0xc6, 0xc6, 0xe6, 0x7e, 0x7e, 0x0c, 0x80,
    0xc0, 0x60, 0x20, 0xe0, 0xe0, 0x40, 0x40, 0x60, 0xe0, 0x60, 0x00, 0xc0, 0xe0, 0x80, 0xc0, 0x60,
    0x20, 0xe0, 0xe0, 0x80, 0xc0, 0xe0, 0xe0, 0xc0, 0x40, 0x60, 0x60, 0xc2, 0xfa, 0xfe, 0x6e, 0x60,
    0xe0, 0xc0, 0x00, 0x00, 0x00, 0x00, 0x00, 0x00, 0x00, 0x00, 0x00, 0x00, 0x00, 0x00, 0x00, 0x00,
    0x00, 0x00, 0x00, 0x08, 0x0e, 0x0f, 0x0b, 0x08, 0x00, 0x01, 0x07, 0x0f, 0x0e, 0x08, 0x07, 0x0f,
    0x0f, 0x0b, 0x09, 0x0d, 0x00, 0x00, 0x06, 0x0f, 0x09, 0x0c, 0x0e, 0x07, 0x07, 0x0f, 0x0f, 0x0b,
    0x09, 0x0d, 0x00, 0x08, 0x0e, 0x0f, 0x03, 0x00, 0x00, 0x08, 0x0e, 0x0f, 0x0f, 0x08, 0x08, 0x0e,
    0x07, 0x03, 0x00, 0x00, 0x00, 0x00, 0x00, 0x00, 0x00, 0x00, 0x00, 0x00, 0x00, 0x00, 0x00, 0x00,
  },
  { // frame 3
    0x00, 0x00, 0x00, 0x00, 0x00, 0x00, 0x00, 0x00, 0x00, 0x00, 0x00, 0x00, 0x00, 0x00, 0x00, 0x00,
    0x00, 0x00, 0x00, 0x00, 0x00, 0x00, 0x00, 0x00, 0x00, 0x00, 0x00, 0x00, 0x00, 0x00, 0x00, 0x00,
    0x00, 0x00, 0x00, 0x00, 0x00, 0x00, 0x00, 0x00, 0x00, 0x00, 0x00, 0x00, 0x00, 0x00, 0x00, 0x00,
    0x00, 0x00, 0x00, 0x00, 0x00, 0x00, 0x00, 0x00, 0x00, 0x00, 0x00, 0x00, 0x00, 0x00, 0x00, 0x00,
    0x00, 0x00, 0x00, 0x00, 0x00, 0x00, 0x00, 0x00, 0x00, 0x00, 0x00, 0x00, 0x00, 0x00, 0x00, 0x00,
    0x00, 0x00, 0x00, 0x00, 0x00, 0x00, 0x00, 0x00, 0x00, 0x00, 0x00, 0x00, 0x00, 0x00, 0x00, 0x00,
    0x00, 0x00, 0x00, 0x00, 0x00, 0x00, 0x00, 0x00, 0x00, 0x00, 0x00, 0x00, 0x00, 0x00, 0x00, 0x00,
    0x00, 0x00, 0x00, 0x00, 0x00, 0x00, 0x00, 0x00, 0x00, 0x00, 0x00, 0x00, 0x00, 0x00, 0x00, 0x00,
    0x00, 0x00, 0x00, 0x00, 0x00, 0x82, 0xf6, 0xfe, 0xde, 0xc6, 0xc6, 0xe6, 0x7e, 0x7e, 0x0c, 0x80,
    0xc0, 0x60, 0x20, 0xe0, 0xe0, 0x40, 0x40, 0x60, 0xe0, 0x60, 0x00, 0xc0, 0xe0, 0x80, 0xc0, 0x60,
    0x20, 0xe0, 0xe0, 0x80, 0xc0, 0xe0, 0xe0, 0xc0, 0x40, 0x60, 0x60, 0xc2, 0xfa, 0xfe, 0x6e, 0x60,
    0xe0, 0xc0, 0x00, 0x00, 0x00, 0x00, 0x00, 0x00, 0x00, 0x00, 0x00, 0x00, 0x00, 0x00, 0x00, 0x00,
    0x00, 0x00, 0x00, 0x08, 0x0e, 0x0f, 0x0b, 0x08, 0x00, 0x01, 0x07, 0x0f, 0x0e, 0x08, 0x07, 0x0f,
    0x0f, 0x0b, 0x09, 0x0d, 0x00, 0x00, 0x06, 0x0f, 0x09, 0x0c, 0x0e, 0x07, 0x07, 0x0f, 0x0f, 0x0b,
    0x09, 0x0d, 0x00, 0x08, 0x0e, 0x0f, 0x03, 0x00, 0x00, 0x08, 0x0e, 0x0f, 0x0f, 0x08, 0x08, 0x0e,
    0x07, 0x03, 0x00, 0x00, 0x00, 0x00, 0x00, 0x00, 0x00, 0x00, 0x00, 0x00, 0x00, 0x00, 0x00, 0x00,
  },
  { // frame 4
    0x00, 0x00, 0x00, 0x00, 0x00, 0x00, 0x00, 0x00, 0x00, 0x00, 0x00, 0x00, 0x00, 0x00, 0x00, 0x00,
    0x00, 0x00, 0x00, 0x00, 0x00, 0x00, 0x00, 0x00, 0x00, 0x00, 0x00, 0x00, 0x00, 0x00, 0x00, 0x00,
    0x00, 0x00, 0x00, 0x00, 0x00, 0x00, 0x00, 0x00, 0x00, 0x00, 0x00, 0x00, 0x00, 0x00, 0x00, 0x00,
    0x00, 0x00, 0x00, 0x00, 0x00, 0x00, 0x00, 0x00, 0x00, 0x00, 0x00, 0x00, 0x00, 0x00, 0x00, 0x00,
    0x00, 0x00, 0x00, 0x00, 0x00, 0x00, 0x00, 0x00, 0x00, 0x00, 0x00, 0x00, 0x00, 0x00, 0x00, 0x00,
    0x00, 0x00, 0x00, 0x00, 0x00, 0x00, 0x00, 0x00, 0x00, 0x00, 0x00, 0x00, 0x00, 0x00, 0x00, 0x00,
    0x00, 0x00, 0x00, 0x00, 0x00, 0x00, 0x00, 0x00, 0x00, 0x00, 0x00, 0x00, 0x00, 0x00, 0x00, 0x00,
    0x00, 0x00, 0x00, 0x00, 0x00, 0x00, 0x00, 0x00, 0x00, 0x00, 0x00, 0x00, 0x00, 0x00, 0x00, 0x00,
    0x00, 0x00, 0x00, 0x00, 0x00, 0x82, 0xf6, 0xfe, 0xde, 0xc6, 0xc6, 0xe6, 0x7e, 0x7e, 0x0c, 0x80,
    0xc0, 0x60, 0x20, 0xe0, 0xe0, 0x40, 0x40, 0x60, 0xe0, 0x60, 0x00, 0xc0, 0xe0, 0x80, 0xc0, 0x60,
    0x20, 0xe0, 0xe0, 0x80, 0xc0, 0xe0, 0xe0, 0xc0, 0x40, 0x60, 0x60, 0xc2, 0xfa, 0xfe, 0x6e, 0x60,
    0xe0, 0xc0, 0x00, 0x00, 0x00, 0x00, 0x00, 0x00, 0x00, 0x00, 0x00, 0x00, 0x00, 0x00, 0x00, 0x00,
    0x00, 0x00, 0x00, 0x08, 0x0e, 0x0f, 0x0b, 0x08, 0x00, 0x01, 0x07, 0x0f, 0x0e, 0x08, 0x07, 0x0f,
    0x0f, 0x0b, 0x09, 0x0d, 0x00, 0x00, 0x06, 0x0f, 0x09, 0x0c, 0x0e, 0x07, 0x07, 0x0f, 0x0f, 0x0b,
    0x09, 0x0d, 0x00, 0x08, 0x0e, 0x0f, 0x03, 0x00, 0x00, 0x08, 0x0e, 0x0f, 0x0f, 0x08, 0x08, 0x0e,
    0x07, 0x03, 0x00, 0x00, 0x00, 0x00, 0x00, 0x00, 0x00, 0x00, 0x00, 0x00, 0x00, 0x00, 0x00, 0x00,
  },
  { // frame 5
    0x00, 0x00, 0x00, 0x00, 0x00, 0x00, 0x00, 0x00, 0x00, 0x00, 0x00, 0x00, 0x00, 0x00, 0x00, 0x00,
    0x00, 0x00, 0x00, 0x00, 0x00, 0x00, 0x00, 0x00, 0x00, 0x00, 0x00, 0x00, 0x00, 0x00, 0x00, 0x00,
    0x00, 0x00, 0x00, 0x00, 0x00, 0x00, 0x00, 0x00, 0x00, 0x00, 0x00, 0x00, 0x00, 0x00, 0x00, 0x00,
    0x00, 0x00, 0x00, 0x00, 0x00, 0x00, 0x00, 0x00, 0x00, 0x00, 0x00, 0x00, 0x00, 0x00, 0x00, 0x00,
    0x00, 0x00, 0x00, 0x00, 0x00, 0x00, 0x00, 0x00, 0x00, 0x00, 0x00, 0x00, 0x00, 0x00, 0x00, 0x00,
    0x00, 0x00, 0x00, 0x00, 0x00, 0x00, 0x00, 0x00, 0x00, 0x00, 0x00, 0x00, 0x00, 0x00, 0x00, 0x00,
    0x00, 0x00, 0x00, 0x00, 0x00, 0x00, 0x00, 0x00, 0x00, 0x00, 0x00, 0x00, 0x00, 0x00, 0x00, 0x00,
    0x00, 0x00, 0x00, 0x00, 0x00, 0x00, 0x00, 0x00, 0x00, 0x00, 0x00, 0x00, 0x00, 0x00, 0x00, 0x00,
    0x00, 0x00, 0x00, 0x00, 0x00, 0x82, 0xf6, 0xfe, 0xde, 0xc6, 0xc6, 0xe6, 0x7e, 0x7e, 0x0c, 0x80,
    0xc0, 0x60, 0x20, 0xe0, 0xe0, 0x40, 0x40, 0x60, 0xe0, 0x60, 0x00, 0xc0, 0xe0, 0x80, 0xc0, 0x60,
    0x20, 0xe0, 0xe0, 0x80, 0xc0, 0xe0, 0xe0, 0xc0, 0x40, 0x60, 0x60, 0xc2, 0xfa, 0xfe, 0x6e, 0x60,
    0xe0, 0xc0, 0x00, 0x00, 0x00, 0x00, 0x00, 0x00, 0x00, 0x00, 0x00, 0x00, 0x00, 0x00, 0x00, 0x00,
    0x00, 0x00, 0x00, 0x08, 0x0e, 0x0f, 0x0b, 0x08, 0x00, 0x01, 0x07, 0x0f, 0x0e, 0x08, 0x07, 0x0f,
    0x0f, 0x0b, 0x09, 0x0d, 0x00, 0x00, 0x06, 0x0f, 0x09, 0x0c, 0x0e, 0x07, 0x07, 0x0f, 0x0f, 0x0b,
    0x09, 0x0d, 0x00, 0x08, 0x0e, 0x0f, 0x03, 0x00, 0x00, 0x08, 0x0e, 0x0f, 0x0f, 0x08, 0x08, 0x0e,
    0x07, 0x03, 0x00, 0x00, 0x00, 0x00, 0x00, 0x00, 0x00, 0x00, 0x00, 0x00, 0x00, 0x00, 0x00, 0x00,
  },
  { // frame 6
    0x00, 0x00, 0x00, 0x00, 0x00, 0x00, 0x00, 0x00, 0x00, 0x00, 0x00, 0x00, 0x00, 0x00, 0x00, 0x00,
    0x00, 0x00, 0x00, 0x00, 0x00, 0x00, 0x00, 0x00, 0x00, 0x00, 0x00, 0x00, 0x00, 0x00, 0x00, 0x00,
    0x00, 0x00, 0x00, 0x00, 0x00, 0x00, 0x00, 0x00, 0x00, 0x00, 0x00, 0x00, 0x00, 0x00, 0x00, 0x00,
    0x00, 0x00, 0x00, 0x00, 0x00, 0x00, 0x00, 0x10, 0x00, 0x00, 0x00, 0x00, 0x00, 0x00, 0x00, 0x00,
    0x00, 0x00, 0x00, 0x00, 0x00, 0x00, 0x00, 0x00, 0x00, 0x00, 0x00, 0x00, 0x00, 0x00, 0x00, 0x00,
    0x00, 0x00, 0x00, 0x00, 0x00, 0x00, 0x00, 0x00, 0x00, 0x00, 0x00, 0x00, 0x00, 0x00, 0x00, 0x00,
    0x00, 0x00, 0x00, 0x00, 0x00, 0x00, 0x00, 0x00, 0x00, 0x00, 0x00, 0x00, 0x00, 0x00, 0x00, 0x00,
    0x00, 0x00, 0x00, 0x00, 0x00, 0x00, 0x00, 0x00, 0x00, 0x00, 0x00, 0x00, 0x00, 0x00, 0x00, 0x00,
    0x00, 0x00, 0x00, 0x00, 0x00, 0x82, 0xf6, 0xfe, 0xde, 0xc6, 0xc6, 0xe6, 0x7e, 0x7e, 0x0c, 0x80,
    0xc0, 0x60, 0x20, 0xe0, 0xe0, 0x40, 0x40, 0x60, 0xe0, 0x60, 0x00, 0xc0, 0xe0, 0x80, 0xc0, 0x60,
    0x20, 0xe0, 0xe0, 0x80, 0xc0, 0xe0, 0xe0, 0xc0, 0x40, 0x60, 0x60, 0xc2, 0xfa, 0xfe, 0x6e, 0x60,
    0xe0, 0xc0, 0x00, 0x00, 0x00, 0x00, 0x00, 0x00, 0x00, 0x00, 0x00, 0x00, 0x00, 0x00, 0x00, 0x00,
    0x00, 0x00, 0x00, 0x08, 0x0e, 0x0f, 0x0b, 0x08, 0x00, 0x01, 0x07, 0x0f, 0x0e, 0x08, 0x07, 0x0f,
    0x0f, 0x0b, 0x09, 0x0d, 0x00, 0x00, 0x06, 0x0f, 0x09, 0x0c, 0x0e, 0x07, 0x07, 0x0f, 0x0f, 0x0b,
    0x09, 0x0d, 0x00, 0x08, 0x0e, 0x0f, 0x03, 0x00, 0x00, 0x08, 0x0e, 0x0f, 0x0f, 0x08, 0x08, 0x0e,
    0x07, 0x03, 0x00, 0x00, 0x00, 0x00, 0x00, 0x00, 0x00, 0x00, 0x00, 0x00, 0x00, 0x00, 0x00, 0x00,
  },
  { // frame 7
    0x00, 0x00, 0x00, 0x00, 0x00, 0x00, 0x00, 0x00, 0x00, 0x00, 0x00, 0x00, 0x00, 0x00, 0x00, 0x00,
    0x00, 0x00, 0x00, 0x00, 0x00, 0x00, 0x00, 0x00, 0x00, 0x00, 0x00, 0x00, 0x00, 0x00, 0x00, 0x00,
    0x00, 0x00, 0x00, 0x00, 0x00, 0x00, 0x00, 0x00, 0x00, 0x00, 0x00, 0x00, 0x00, 0x00, 0x00, 0x00,
    0x00, 0x00, 0x00, 0x00, 0x00, 0x00, 0x00, 0x40, 0x00, 0x00, 0x00, 0x00, 0x00, 0x00, 0x00, 0x00,
    0x00, 0x00, 0x00, 0x00, 0x00, 0x00, 0x00, 0x00, 0x00, 0x00, 0x00, 0x00, 0x00, 0x00, 0x00, 0x00,
    0x00, 0x00, 0x00, 0x00, 0x00, 0x00, 0x00, 0x00, 0x00, 0x00, 0x00, 0x00, 0x00, 0x00, 0x00, 0x00,
    0x00, 0x00, 0x00, 0x00, 0x00, 0x00, 0x00, 0x00, 0x00, 0x00, 0x00, 0x00, 0x00, 0x00, 0x00, 0x00,
    0x00, 0x00, 0x00, 0x00, 0x00, 0x00, 0x00, 0x00, 0x00, 0x00, 0x00, 0x00, 0x00, 0x00, 0x00, 0x00,
    0x00, 0x00, 0x00, 0x00, 0x00, 0x82, 0xf6, 0xfe, 0xde, 0xc6, 0xc6, 0xe6, 0x7e, 0x7e, 0x0c, 0x80,
    0xc0, 0x60, 0x20, 0xe0, 0xe0, 0x40, 0x40, 0x60, 0xe0, 0x60, 0x00, 0xc0, 0xe0, 0x80, 0xc0, 0x60,
    0x20, 0xe0, 0xe0, 0x80, 0xc0, 0xe0, 0xe0, 0xc0, 0x40, 0x60, 0x60, 0xc2, 0xfa, 0xfe, 0x6e, 0x60,
    0xe0, 0xc0, 0x00, 0x00, 0x00, 0x00, 0x00, 0x00, 0x00, 0x00, 0x00, 0x00, 0x00, 0x00, 0x00, 0x00,
    0x00, 0x00, 0x00, 0x08, 0x0e, 0x0f, 0x0b, 0x08, 0x00, 0x01, 0x07, 0x0f, 0x0e, 0x08, 0x07, 0x0f,
    0x0f, 0x0b, 0x09, 0x0d, 0x00, 0x00, 0x06, 0x0f, 0x09, 0x0c, 0x0e, 0x07, 0x07, 0x0f, 0x0f, 0x0b,
    0x09, 0x0d, 0x00, 0x08, 0x0e, 0x0f, 0x03, 0x00, 0x00, 0x08, 0x0e, 0x0f, 0x0f, 0x08, 0x08, 0x0e,
    0x07, 0x03, 0x00, 0x00, 0x00, 0x00, 0x00, 0x00, 0x00, 0x00, 0x00, 0x00, 0x00, 0x00, 0x00, 0x00,
  },
  { // frame 8
    0x00, 0x00, 0x00, 0x00, 0x00, 0x00, 0x00, 0x00, 0x00, 0x00, 0x00, 0x00, 0x00, 0x00, 0x00, 0x00,
    0x00, 0x00, 0x00, 0x00, 0x00, 0x00, 0x00, 0x00, 0x00, 0x00, 0x00, 0x00, 0x00, 0x00, 0x00, 0x00,
    0x00, 0x00, 0x00, 0x00, 0x00, 0x00, 0x00, 0x00, 0x00, 0x00, 0x00, 0x00, 0x00, 0x00, 0x00, 0x00,
    0x00, 0x00, 0x00, 0x00, 0x00, 0x00, 0x00, 0x00, 0x00, 0x00, 0x00, 0x00, 0x00, 0x00, 0x00, 0x00,
    0x00, 0x00, 0x00, 0x00, 0x00, 0x00, 0x00, 0x00, 0x00, 0x00, 0x00, 0x00, 0x00, 0x00, 0x00, 0x00,
    0x00, 0x00, 0x00, 0x00, 0x00, 0x00, 0x00, 0x00, 0x00, 0x00, 0x00, 0x00, 0x00, 0x00, 0x00, 0x00,
    0x00, 0x00, 0x00, 0x00, 0x00, 0x00, 0x00, 0x00, 0x00, 0x00, 0x00, 0x00, 0x00, 0x00, 0x00, 0x00,
    0x00, 0x00, 0x00, 0x00, 0x00, 0x00, 0x00, 0x06, 0x00, 0x00, 0x00, 0x00, 0x00, 0x00, 0x00, 0x00,
    0x00, 0x00, 0x00, 0x00, 0x00, 0x82, 0xf6, 0xfe, 0xde, 0xc6, 0xc6, 0xe6, 0x7e, 0x7e, 0x0c, 0x80,
    0xc0, 0x60, 0x20, 0xe0, 0xe0, 0x40, 0x40, 0x60, 0xe0, 0x60, 0x00, 0xc0, 0xe0, 0x80, 0xc0, 0x60,
    0x20, 0xe0, 0xe0, 0x80, 0xc0, 0xe0, 0xe0, 0xc0, 0x40, 0x60, 0x60, 0xc2, 0xfa, 0xfe, 0x6e, 0x60,
    0xe0, 0xc0, 0x00, 0x00, 0x00, 0x00, 0x00, 0x00, 0x00, 0x00, 0x00, 0x00, 0x00, 0x00, 0x00, 0x00,
    0x00, 0x00, 0x00, 0x08, 0x0e, 0x0f, 0x0b, 0x08, 0x00, 0x01, 0x07, 0x0f, 0x0e, 0x08, 0x07, 0x0f,
    0x0f, 0x0b, 0x09, 0x0d, 0x00, 0x00, 0x06, 0x0f, 0x09, 0x0c, 0x0e, 0x07, 0x07, 0x0f, 0x0f, 0x0b,
    0x09, 0x0d, 0x00, 0x08, 0x0e, 0x0f, 0x03, 0x00, 0x00, 0x08, 0x0e, 0x0f, 0x0f, 0x08, 0x08, 0x0e,
    0x07, 0x03, 0x00, 0x00, 0x00, 0x00, 0x00, 0x00, 0x00, 0x00, 0x00, 0x00, 0x00, 0x00, 0x00, 0x00,
  },
  { // frame 9
    0x00, 0x00, 0x00, 0x00, 0x00, 0x00, 0x00, 0x00, 0x00, 0x00, 0x00, 0x00, 0x00, 0x00, 0x00, 0x00,
    0x00, 0x00, 0x00, 0x00, 0x00, 0x00, 0x00, 0x00, 0x00, 0x00, 0x00, 0x00, 0x00, 0x00, 0x00, 0x00,
    0x00, 0x00, 0x00, 0x00, 0x00, 0x00, 0x00, 0x00, 0x00, 0x00, 0x00, 0x00, 0x00, 0x00, 0x00, 0x00,
    0x00, 0x00, 0x00, 0x00, 0x00, 0x00, 0x00, 0x00, 0x00, 0x00, 0x00, 0x00, 0x00, 0x00, 0x00, 0x00,
    0x00, 0x00, 0x00, 0x00, 0x00, 0x00, 0x00, 0x00, 0x00, 0x00, 0x00, 0x00, 0x00, 0x00, 0x00, 0x00,
    0x00, 0x00, 0x00, 0x00, 0x00, 0x00, 0x00, 0x00, 0x00, 0x00, 0x00, 0x00, 0x00, 0x00, 0x00, 0x00,
    0x00, 0x00, 0x00, 0x00, 0x00, 0x00, 0x00, 0x00, 0x00, 0x00, 0x00, 0x00, 0x00, 0x00, 0x00, 0x00,
    0x00, 0x00, 0x00, 0x00, 0x00, 0x00, 0x00, 0xc0, 0x00, 0x00, 0x00, 0x00, 0x00, 0x00, 0x00, 0x00,
    0x00, 0x00, 0x00, 0x00, 0x00, 0x82, 0xf6, 0xfe, 0xde, 0xc6, 0xc6, 0xe6, 0x7e, 0x7e, 0x0c, 0x80,
    0xc0, 0x60, 0x20, 0xe0, 0xe0, 0x40, 0x40, 0x60, 0xe0, 0x60, 0x00, 0xc0, 0xe0, 0x80, 0xc0, 0x60,
    0x20, 0xe0, 0xe0, 0x80, 0xc0, 0xe0, 0xe0, 0xc0, 0x40, 0x60, 0x60, 0xc2, 0xfa, 0xfe, 0x6e, 0x60,
    0xe0, 0xc0, 0x00, 0x00, 0x00, 0x00, 0x00, 0x00, 0x00, 0x00, 0x00, 0x00, 0x00, 0x00, 0x00, 0x00,
    0x00, 0x00, 0x00, 0x08, 0x0e, 0x0f, 0x0b, 0x08, 0x00, 0x01, 0x07, 0x0f, 0x0e, 0x08, 0x07, 0x0f,
    0x0f, 0x0b, 0x09, 0x0d, 0x00, 0x00, 0x06, 0x0f, 0x09, 0x0c, 0x0e, 0x07, 0x07, 0x0f, 0x0f, 0x0b,
    0x09, 0x0d, 0x00, 0x08, 0x0e, 0x0f, 0x03, 0x00, 0x00, 0x08, 0x0e, 0x0f, 0x0f, 0x08, 0x08, 0x0e,
    0x07, 0x03, 0x00, 0x00, 0x00, 0x00, 0x00, 0x00, 0x00, 0x00, 0x00, 0x00, 0x00, 0x00, 0x00, 0x00,
  },
  { // frame 10
    0x00, 0x00, 0x00, 0x00, 0x00, 0x00, 0x00, 0x00, 0x00, 0x00, 0x00, 0x00, 0x00, 0x00, 0x00, 0x00,
    0x00, 0x00, 0x00, 0x00, 0x00, 0x00, 0x00, 0x00, 0x00, 0x00, 0x00, 0x00, 0x00, 0x00, 0x00, 0x00,
    0x00, 0x00, 0x00, 0x00, 0x00, 0x00, 0x00, 0x00, 0x00, 0x00, 0x00, 0x00, 0x00, 0x00, 0x00, 0x00,
    0x00, 0x00, 0x00, 0x00, 0x00, 0x00, 0x00, 0x00, 0x00, 0x00, 0x00, 0x00, 0x00, 0x00, 0x00, 0x00,
    0x00, 0x00, 0x00, 0x00, 0x00, 0x00, 0x00, 0x00, 0x00, 0x00, 0x00, 0x00, 0x00, 0x00, 0x00, 0x00,
    0x00, 0x00, 0x00, 0x00, 0x00, 0x00, 0x00, 0x00, 0x00, 0x00, 0x00, 0x00, 0x00, 0x00, 0x00, 0x00,
    0x00, 0x00, 0x00, 0x00, 0x00, 0x00, 0x00, 0x00, 0x00, 0x00, 0x00, 0x00, 0x00, 0x00, 0x00, 0x00,
    0x00, 0x00, 0x00, 0x00, 0x00, 0x00, 0x00, 0x00, 0x00, 0x00, 0x00, 0x00, 0x00, 0x00, 0x00, 0x00,
    0x00, 0x00, 0x00, 0x00, 0x00, 0x82, 0xf6, 0xfe, 0xde, 0xc6, 0xc6, 0xe6, 0x7e, 0x7e, 0x0c, 0x80,
    0xc0, 0x60, 0x20, 0xe0, 0xe0, 0x40, 0x40, 0x60, 0xe0, 0x60, 0x00, 0xc0, 0xe0, 0x80, 0xc0, 0x60,
    0x20, 0xe0, 0xe0, 0x80, 0xc0, 0xe0, 0xe0, 0xc0, 0x40, 0x60, 0x60, 0xc2, 0xfa, 0xfe, 0x6e, 0x60,
    0xe0, 0xc0, 0x00, 0x00, 0x00, 0x00, 0x40, 0x70, 0x40, 0x00, 0x00, 0x00, 0x00, 0x00, 0x00, 0x00,
    0x00, 0x00, 0x00, 0x08, 0x0e, 0x0f, 0x0b, 0x08, 0x00, 0x01, 0x07, 0x0f, 0x0e, 0x08, 0x07, 0x0f,
    0x0f, 0x0b, 0x09, 0x0d, 0x00, 0x00, 0x06, 0x0f, 0x09, 0x0c, 0x0e, 0x07, 0x07, 0x0f, 0x0f, 0x0b,
    0x09, 0x0d, 0x00, 0x08, 0x0e, 0x0f, 0x03, 0x00, 0x00, 0x08, 0x0e, 0x0f, 0x0f, 0x08, 0x08, 0x0e,
    0x07, 0x03, 0x00, 0x00, 0x00, 0x00, 0x00, 0x00, 0x00, 0x00, 0x00, 0x00, 0x00, 0x00, 0x00, 0x00,
  },
  { // frame 11
    0x00, 0x00, 0x00, 0x00, 0x00, 0x00, 0x00, 0x00, 0x00, 0x00, 0x00, 0x00, 0x00, 0x00, 0x00, 0x00,
    0x00, 0x00, 0x00, 0x00, 0x00, 0x00, 0x00, 0x00, 0x00, 0x00, 0x00, 0x00, 0x00, 0x00, 0x00, 0x00,
    0x00, 0x00, 0x00, 0x00, 0x00, 0x00, 0x00, 0x00, 0x00, 0x00, 0x00, 0x00, 0x00, 0x00, 0x00, 0x00,
    0x00, 0x00, 0x00, 0x00, 0x00, 0x00, 0x00, 0x00, 0x00, 0x00, 0x00, 0x00, 0x00, 0x00, 0x00, 0x00,
    0x00, 0x00, 0x00, 0x00, 0x00, 0x00, 0x00, 0x00, 0x00, 0x00, 0x00, 0x00, 0x00, 0x00, 0x00, 0x00,
    0x00, 0x00, 0x00, 0x00, 0x00, 0x00, 0x00, 0x00, 0x00, 0x00, 0x00, 0x00, 0x00, 0x00, 0x00, 0x00,
    0x00, 0x00, 0x00, 0x00, 0x00, 0x00, 0x00, 0x00, 0x00, 0x00, 0x00, 0x00, 0x00, 0x00, 0x00, 0x00,
    0x00, 0x00, 0x00, 0x00, 0x00, 0x00, 0x00, 0x00, 0x00, 0x00, 0x00, 0x00, 0x00, 0x00, 0x00, 0x00,
    0x00, 0x00, 0x00, 0x00, 0x00, 0x82, 0xf6, 0xfe, 0xde, 0xc6, 0xc6, 0xe6, 0x7e, 0x7e, 0x0c, 0x80,
    0xc0, 0x60, 0x20, 0xe0, 0xe0, 0x40, 0x40, 0x60, 0xe0, 0x60, 0x00, 0xc0, 0xe0, 0x80, 0xc0, 0x60,
    0x20, 0xe0, 0xe0, 0x80, 0xc0, 0xe0, 0xe0, 0xc0, 0x40, 0x60, 0x60, 0xc2, 0xfa, 0xfe, 0x6e, 0x60,
    0xe0, 0xc0, 0x00, 0xe0, 0xb0, 0x00, 0x00, 0x60, 0x00, 0x00, 0xb0, 0xe0, 0x00, 0x00, 0x00, 0x00,
    0x00, 0x00, 0x00, 0x08, 0x0e, 0x0f, 0x0b, 0x08, 0x00, 0x01, 0x07, 0x0f, 0x0e, 0x08, 0x07, 0x0f,
    0x0f, 0x0b, 0x09, 0x0d, 0x00, 0x00, 0x06, 0x0f, 0x09, 0x0c, 0x0e, 0x07, 0x07, 0x0f, 0x0f, 0x0b,
    0x09, 0x0d, 0x00, 0x08, 0x0e, 0x0f, 0x03, 0x00, 0x00, 0x08, 0x0e, 0x0f, 0x0f, 0x08, 0x08, 0x0e,
    0x07, 0x03, 0x00, 0x00, 0x01, 0x00, 0x00, 0x00, 0x00, 0x00, 0x01, 0x00, 0x00, 0x00, 0x00, 0x00,
  },
  { // frame 12
    0x00, 0x00, 0x00, 0x00, 0x00, 0x00, 0x00, 0x00, 0x00, 0x00, 0x00, 0x00, 0x00, 0x00, 0x00, 0x00,
    0x00, 0x00, 0x00, 0x00, 0x00, 0x00, 0x00, 0x00, 0x00, 0x00, 0x00, 0x00, 0x00, 0x00, 0x00, 0x00,
    0x00, 0x00, 0x00, 0x00, 0x00, 0x00, 0x00, 0x00, 0x00, 0x00, 0x00, 0x00, 0x00, 0x00, 0x00, 0x00,
    0x00, 0x00, 0x00, 0x00, 0x00, 0x00, 0x00, 0x00, 0x00, 0x00, 0x00, 0x00, 0x00, 0x00, 0x00, 0x00,
    0x00, 0x00, 0x00, 0x00, 0x00, 0x00, 0x00, 0x00, 0x00, 0x00, 0x00, 0x00, 0x00, 0x00, 0x00, 0x00,
    0x00, 0x00, 0x00, 0x00, 0x00, 0x00, 0x00, 0x00, 0x00, 0x00, 0x00, 0x00, 0x00, 0x00, 0x00, 0x00,
    0x00, 0x00, 0x00, 0x00, 0x00, 0x00, 0x00, 0x00, 0x00, 0x00, 0x00, 0x00, 0x00, 0x00, 0x00, 0x00,
    0x00, 0x00, 0x00, 0x00, 0x00, 0x00, 0x00, 0x00, 0x00, 0x00, 0x00, 0x00, 0x00, 0x00, 0x00, 0x00,
    0x00, 0x00, 0x00, 0x00, 0x00, 0x82, 0xf6, 0xfe, 0xde, 0xc6, 0xc6, 0xe6, 0x7e, 0x7e, 0x0c, 0x80,
    0xc0, 0x60, 0x20, 0xe0, 0xe0, 0x40, 0x40, 0x60, 0xe0, 0x60, 0x00, 0xc0, 0xe0, 0x80, 0xc0, 0x60,
    0x20, 0xe0, 0xe0, 0x80, 0xc0, 0xe0, 0xe0, 0xc0, 0x40, 0x60, 0x60, 0xc2, 0xfa, 0xfe, 0x6e, 0x60,
    0xe0, 0xc0, 0x00, 0x00, 0x00, 0x00, 0x00, 0x00, 0x00, 0x00, 0x00, 0x00, 0x00, 0x00, 0x00, 0x00,
    0x00, 0x00, 0x00, 0x08, 0x0e, 0x0f, 0x0b, 0x08, 0x00, 0x01, 0x07, 0x0f, 0x0e, 0x08, 0x07, 0x0f,
    0x0f, 0x0b, 0x09, 0x0d, 0x00, 0x00, 0x06, 0x0f, 0x09, 0x0c, 0x0e, 0x07, 0x07, 0x0f, 0x0f, 0x0b,
    0x09, 0x0d, 0x00, 0x08, 0x0e, 0x0f, 0x03, 0x00, 0x00, 0x08, 0x0e, 0x0f, 0x0f, 0x08, 0x08, 0x0e,
    0x07, 0x03, 0x00, 0x00, 0x00, 0x00, 0x00, 0x00, 0x00, 0x00, 0x00, 0x00, 0x00, 0x00, 0x00, 0x00,
  },
  { // frame 13
    0x00, 0x00, 0x00, 0x00, 0x00, 0x00, 0x00, 0x00, 0x00, 0x00, 0x00, 0x00, 0x00, 0x00, 0x00, 0x00,
    0x00, 0x00, 0x00, 0x00, 0x00, 0x00, 0x00, 0x00, 0x00, 0x00, 0x00, 0x00, 0x00, 0x00, 0x00, 0x00,
    0x00, 0x00, 0x00, 0x00, 0x00, 0x00, 0x00, 0x00, 0x00, 0x00, 0x00, 0x00, 0x00, 0x00, 0x00, 0x00,
    0x00, 0x00, 0x00, 0x00, 0x00, 0x00, 0x00, 0x00, 0x00, 0x00, 0x00, 0x00, 0x00, 0x00, 0x00, 0x00,
    0x00, 0x00, 0x00, 0x00, 0x00, 0x00, 0x00, 0x00, 0x00, 0x00, 0x00, 0x00, 0x00, 0x00, 0x00, 0x00,
    0x00, 0x00, 0x00, 0x00, 0x00, 0x00, 0x00, 0x00, 0x00, 0x00, 0x00, 0x00, 0x00, 0x00, 0x00, 0x00,
    0x00, 0x00, 0x00, 0x00, 0x00, 0x00, 0x00, 0x00, 0x00, 0x00, 0x00, 0x00, 0x00, 0x00, 0x00, 0x00,
    0x00, 0x00, 0x00, 0x00, 0x00, 0x00, 0x00, 0x00, 0x00, 0x00, 0x00, 0x00, 0x00, 0x00, 0x00, 0x00,
    0x00, 0x00, 0x00, 0x00, 0x00, 0x82, 0xf6, 0xfe, 0xde, 0xc6, 0xc6, 0xe6, 0x7e, 0x7e, 0x0c, 0x80,
    0xc0, 0x60, 0x20, 0xe0, 0xe0, 0x40, 0x40, 0x60, 0xe0, 0x60, 0x00, 0xc0, 0xe0, 0x80, 0xc0, 0x60,
    0x20, 0xe0, 0xe0, 0x80, 0xc0, 0xe0, 0xe0, 0xc0, 0x40, 0x60, 0x60, 0xc2, 0xfa, 0xfe, 0x6e, 0x60,
    0xe0, 0xcc, 0x06, 0x02, 0xe2, 0x03, 0x01, 0x41, 0x01, 0x03, 0x62, 0x02, 0x00, 0x00, 0x00, 0x00,
    0x00, 0x00, 0x00, 0x08, 0x0e, 0x0f, 0x0b, 0x08, 0x00, 0x01, 0x07, 0x0f, 0x0e, 0x08, 0x07, 0x0f,
    0x0f, 0x0b, 0x09, 0x0d, 0x00, 0x00, 0x06, 0x0f, 0x09, 0x0c, 0x0e, 0x07, 0x07, 0x0f, 0x0f, 0x0b,
    0x09, 0x0d, 0x00, 0x08, 0x0e, 0x0f, 0x03, 0x00, 0x00, 0x08, 0x0e, 0x0f, 0x0f, 0x08, 0x08, 0x0e,
    0x07, 0x03, 0x00, 0x04, 0x0c, 0x08, 0x08, 0x08, 0x08, 0x08, 0x0c, 0x04, 0x04, 0x00, 0x00, 0x00,
  },
  { // frame 14
    0x00, 0x00, 0x00, 0x00, 0x00, 0x00, 0x00, 0x00, 0x00, 0x00, 0x00, 0x00, 0x00, 0x00, 0x00, 0x00,
    0x00, 0x00, 0x00, 0x00, 0x00, 0x00, 0x00, 0x00, 0x00, 0x00, 0x00, 0x00, 0x00, 0x00, 0x00, 0x00,
    0x00, 0x00, 0x00, 0x00, 0x00, 0x00, 0x00, 0x00, 0x00, 0x00, 0x00, 0x00, 0x00, 0x00, 0x00, 0x00,
    0x00, 0x00, 0x00, 0x00, 0x00, 0x00, 0x00, 0x00, 0x00, 0x00, 0x00, 0x00, 0x00, 0x00, 0x00, 0x00,
    0x00, 0x00, 0x00, 0x00, 0x00, 0x00, 0x00, 0x00, 0x00, 0x00, 0x00, 0x00, 0x00, 0x00, 0x00, 0x00,
    0x00, 0x00, 0x00, 0x00, 0x00, 0x00, 0x00, 0x00, 0x00, 0x00, 0x00, 0x00, 0x00, 0x00, 0x00, 0x00,
    0x00, 0x00, 0x00, 0x00, 0x00, 0x00, 0x00, 0x00, 0x00, 0x00, 0x00, 0x00, 0x00, 0x00, 0x00, 0x00,
    0x00, 0x80, 0x80, 0x80, 0x80, 0x80, 0x80, 0x80, 0x80, 0x80, 0x80, 0x80, 0x00, 0x00, 0x00, 0x00,
    0x00, 0x00, 0x00, 0x00, 0x00, 0x82, 0xf6, 0xfe, 0xde, 0xc6, 0xc6, 0xe6, 0x7e, 0x7e, 0x0c, 0x80,
    0xc0, 0x60, 0x20, 0xe0, 0xe0, 0x40, 0x40, 0x60, 0xe0, 0x60, 0x00, 0xc0, 0xe0, 0x80, 0xc0, 0x60,
    0x20, 0xe0, 0xe0, 0x80, 0xc0, 0xe0, 0xe0, 0xc0, 0x40, 0x60, 0x60, 0xc2, 0xfa, 0xfe, 0x6e, 0x60,
    0xe1, 0xc1, 0x0d, 0x0d, 0xc6, 0x06, 0x00, 0x60, 0x00, 0x00, 0x00, 0xc1, 0xc0, 0x00, 0x00, 0x00,
    0x00, 0x00, 0x00, 0x08, 0x0e, 0x0f, 0x0b, 0x08, 0x00, 0x01, 0x07, 0x0f, 0x0e, 0x08, 0x07, 0x0f,
    0x0f, 0x0b, 0x09, 0x0d, 0x00, 0x00, 0x06, 0x0f, 0x09, 0x0c, 0x0e, 0x07, 0x07, 0x0f, 0x0f, 0x0b,
    0x09, 0x0d, 0x00, 0x08, 0x0e, 0x0f, 0x03, 0x00, 0x00, 0x08, 0x0e, 0x0f, 0x0f, 0x08, 0x08, 0x0e,
    0x07, 0x03, 0x00, 0x00, 0x01, 0x04, 0x00, 0x00, 0x02, 0x03, 0x03, 0x01, 0x00, 0x00, 0x00, 0x00,
  },
  { // frame 15
    0x00, 0x00, 0x00, 0x00, 0x00, 0x00, 0x00, 0x00, 0x00, 0x00, 0x00, 0x00, 0x00, 0x00, 0x00, 0x00,
    0x00, 0x00, 0x00, 0x00, 0x00, 0x00, 0x00, 0x00, 0x00, 0x00, 0x00, 0x00, 0x00, 0x00, 0x00, 0x00,
    0x00, 0x00, 0x00, 0x00, 0x00, 0x00, 0x00, 0x00, 0x00, 0x00, 0x00, 0x00, 0x00, 0x00, 0x00, 0x00,
    0x00, 0x00, 0x00, 0x00, 0x00, 0x00, 0x00, 0x00, 0x00, 0x00, 0x00, 0x00, 0x00, 0x00, 0x00, 0x00,
    0x00, 0x00, 0x00, 0x00, 0x00, 0x00, 0x00, 0x00, 0x00, 0x00, 0x00, 0x00, 0x00, 0x00, 0x00, 0x00,
    0x00, 0x00, 0x00, 0x00, 0x00, 0x00, 0x00, 0x00, 0x00, 0x00, 0x00, 0x00, 0x00, 0x00, 0x00, 0x00,
    0x00, 0x00, 0x00, 0x00, 0x00, 0x00, 0x00, 0x00, 0x00, 0x00, 0x00, 0x00, 0x00, 0x40, 0x60, 0x60,
    0x20, 0x20, 0xa0, 0xa0, 0xa0, 0xa0, 0xa0, 0xa0, 0xa0, 0xa0, 0xa0, 0xa0, 0x00, 0x00, 0x00, 0x00,
    0x00, 0x00, 0x00, 0x00, 0x00, 0x82, 0xf6, 0xfe, 0xde, 0xc6, 0xc6, 0xe6, 0x7e, 0x7e, 0x0c, 0x80,
    0xc0, 0x60, 0x20, 0xe0, 0xe0, 0x40, 0x40, 0x60, 0xe0, 0x60, 0x00, 0xc0, 0xe0, 0x80, 0xc0, 0x60,
    0x20, 0xe0, 0xe0, 0x80, 0xc0, 0xe0, 0xe0, 0xc0, 0x40, 0x60, 0x60, 0xc2, 0xfa, 0xfe, 0x6e, 0x66,
    0xe3, 0xc3, 0x01, 0xe1, 0xe1, 0x00, 0x40, 0x40, 0x00, 0x01, 0x01, 0x01, 0x01, 0x00, 0x00, 0x00,
    0x00, 0x00, 0x00, 0x08, 0x0e, 0x0f, 0x0b, 0x08, 0x00, 0x01, 0x07, 0x0f, 0x0e, 0x08, 0x07, 0x0f,
    0x0f, 0x0b, 0x09, 0x0d, 0x00, 0x00, 0x06, 0x0f, 0x09, 0x0c, 0x0e, 0x07, 0x07, 0x0f, 0x0f, 0x0b,
    0x09, 0x0d, 0x00, 0x08, 0x0e, 0x0f, 0x03, 0x00, 0x00, 0x08, 0x0e, 0x0f, 0x0f, 0x08, 0x08, 0x0e,
    0x07, 0x03, 0x00, 0x00, 0x0c, 0x0c, 0x0c, 0x0c, 0x0c, 0x0c, 0x04, 0x06, 0x03, 0x00, 0x00, 0x00,
  },
  { // frame 16
    0x00, 0x00, 0x00, 0x00, 0x00, 0x00, 0x00, 0x00, 0x00, 0x00, 0x00, 0x00, 0x00, 0x00, 0x00, 0x00,
    0x00, 0x00, 0x00, 0x00, 0x00, 0x00, 0x00, 0x00, 0x00, 0x00, 0x00, 0x00, 0x00, 0x00, 0x00, 0x00,
    0x00, 0x00, 0x00, 0x00, 0x00, 0x00, 0x00, 0x00, 0x00, 0x00, 0x00, 0x00, 0x00, 0x00, 0x00, 0x00,
    0x00, 0x00, 0x00, 0x00, 0x00, 0x00, 0x00, 0x00, 0x00, 0x00, 0x00, 0x00, 0x00, 0x00, 0x00, 0x00,
    0x00, 0x00, 0x00, 0x00, 0x00, 0x00, 0x00, 0x00, 0x00, 0x00, 0x00, 0x00, 0x00, 0x00, 0x00, 0x00,
    0x00, 0x00, 0x00, 0x00, 0x00, 0x00, 0x00, 0x00, 0x00, 0x00, 0x00, 0x00, 0x00, 0x00, 0x00, 0x00,
    0x00, 0x00, 0x00, 0x00, 0x00, 0xc0, 0xc0, 0x60, 0x20, 0x30, 0x30, 0x18, 0x18, 0x18, 0x08, 0x08,
    0x08, 0x08, 0x08, 0x08, 0x08, 0x0c, 0x0c, 0x0c, 0x0c, 0x0c, 0x08, 0x08, 0x08, 0x00, 0x00, 0x00,
    0x00, 0x00, 0x00, 0x00, 0x00, 0x82, 0xf6, 0xfe, 0xde, 0xc6, 0xc6, 0xe6, 0x7e, 0x7e, 0x0c, 0x80,
    0xc0, 0x60, 0x20, 0xe0, 0xe0, 0x40, 0x40, 0x60, 0xe0, 0x60, 0x00, 0xc0, 0xe0, 0x80, 0xc0, 0x60,
    0x20, 0xe0, 0xe0, 0x80, 0xc0, 0xe0, 0xe0, 0xc0, 0x40, 0x60, 0x60, 0xc2, 0xfa, 0xfe, 0x6e, 0x60,
    0xe0, 0xcc, 0x06, 0x03, 0x03, 0x03, 0x63, 0x63, 0x00, 0x00, 0x00, 0x00, 0x00, 0x00, 0x00, 0x00,
    0x00, 0x00, 0x00, 0x08, 0x0e, 0x0f, 0x0b, 0x08, 0x00, 0x01, 0x07, 0x0f, 0x0e, 0x08, 0x07, 0x0f,
    0x0f, 0x0b, 0x09, 0x0d, 0x00, 0x00, 0x06, 0x0f, 0x09, 0x0c, 0x0e, 0x07, 0x07, 0x0f, 0x0f, 0x0b,
    0x09, 0x0d, 0x00, 0x08, 0x0e, 0x0f, 0x03, 0x00, 0x00, 0x08, 0x0e, 0x0f, 0x0f, 0x08, 0x08, 0x0e,
    0x07, 0x03, 0x00, 0x00, 0x00, 0x06, 0x06, 0x04, 0x0c, 0x0c, 0x0c, 0x0c, 0x04, 0x00, 0x00, 0x00,
  },
  { // frame 17
    0x00, 0x00, 0x00, 0x00, 0x00, 0x00, 0x00, 0x00, 0x00, 0x00, 0x00, 0x00, 0x00, 0x00, 0x00, 0x00,
    0x00, 0x00, 0x00, 0x00, 0x00, 0x00, 0x00, 0x00, 0x00, 0x00, 0x00, 0x00, 0x00, 0x00, 0x00, 0x00,
    0x00, 0x00, 0x00, 0x00, 0x00, 0x00, 0x00, 0x00, 0x00, 0x00, 0x00, 0x00, 0x00, 0x00, 0x00, 0x00,
    0x00, 0x00, 0x00, 0x00, 0x00, 0x00, 0x00, 0x00, 0x00, 0x00, 0x00, 0x00, 0x00, 0x00, 0x00, 0x00,
    0x00, 0x00, 0x00, 0x00, 0x00, 0x00, 0x00, 0x00, 0x00, 0x00, 0x00, 0x00, 0x00, 0x00, 0x00, 0x00,
    0x00, 0x00, 0x00, 0x00, 0x00, 0x00, 0x00, 0x00, 0x00, 0x00, 0x00, 0x00, 0x80, 0xc0, 0x60, 0x60,
    0x30, 0x10, 0x18, 0x18, 0x08, 0x0c, 0x0c, 0x86, 0xc6, 0xc6, 0x62, 0x62, 0x23, 0x23, 0x23, 0x21,
    0x01, 0x01, 0x01, 0x01, 0x01, 0x01, 0x01, 0x01, 0x01, 0x01, 0x01, 0x01, 0x00, 0x00, 0x00, 0x00,
    0x00, 0x00, 0x00, 0x00, 0x00, 0x82, 0xf6, 0xfe, 0xde, 0xc6, 0xc6, 0xe6, 0x7e, 0x7e, 0x0c, 0x80,
    0xc0, 0x60, 0x20, 0xe0, 0xe0, 0x40, 0x40, 0x60, 0xe0, 0x60, 0x00, 0xc0, 0xe0, 0x80, 0xc0, 0x60,
    0x20, 0xe0, 0xe0, 0x80, 0xc0, 0xe0, 0xe0, 0xc1, 0x41, 0x60, 0x60, 0xc2, 0xfa, 0xfe, 0x6e, 0x60,
    0xe0, 0xc0, 0x04, 0x06, 0xe6, 0x63, 0x03, 0x43, 0x00, 0xe0, 0xe0, 0x00, 0x00, 0x00, 0x00, 0x00,
    0x00, 0x00, 0x00, 0x08, 0x0e, 0x0f, 0x0b, 0x08, 0x00, 0x01, 0x07, 0x0f, 0x0e, 0x08, 0x07, 0x0f,
    0x0f, 0x0b, 0x09, 0x0d, 0x00, 0x00, 0x06, 0x0f, 0x09, 0x0c, 0x0e, 0x07, 0x07, 0x0f, 0x0f, 0x0b,
    0x09, 0x0d, 0x00, 0x08, 0x0e, 0x0f, 0x03, 0x00, 0x00, 0x08, 0x0e, 0x0f, 0x0f, 0x08, 0x08, 0x0e,
    0x07, 0x03, 0x00, 0x00, 0x00, 0x00, 0x00, 0x00, 0x00, 0x00, 0x00, 0x00, 0x00, 0x00, 0x00, 0x00,
  },
  { // frame 18
    0x00, 0x00, 0x00, 0x00, 0x00, 0x00, 0x00, 0x00, 0x00, 0x00, 0x00, 0x00, 0x00, 0x00, 0x00, 0x00,
    0x00, 0x00, 0x00, 0x00, 0x00, 0x00, 0x00, 0x00, 0x00, 0x00, 0x00, 0x00, 0x00, 0x00, 0x00, 0x00,
    0x00, 0x00, 0x00, 0x00, 0x00, 0x00, 0x00, 0x00, 0x00, 0x80, 0x00, 0x00, 0x00, 0x00, 0x00, 0xc0,
    0xc0, 0x80, 0x80, 0x80, 0x80, 0x80, 0x80, 0x80, 0x00, 0x00, 0x00, 0x00, 0x00, 0x00, 0x00, 0x00,
    0x00, 0x00, 0x00, 0x00, 0x00, 0x00, 0x00, 0x00, 0x00, 0x00, 0x00, 0x00, 0x00, 0x00, 0x00, 0x00,
    0x00, 0x00, 0x00, 0x00, 0x00, 0x00, 0xc0, 0xe0, 0x60, 0x30, 0x10, 0x00, 0x08, 0x0c, 0x00, 0x00,
    0x00, 0x00, 0x02, 0x03, 0x03, 0x03, 0x01, 0xc1, 0xe1, 0x61, 0x30, 0x30, 0x30, 0x10, 0x18, 0x18,
    0x18, 0x18, 0x19, 0x11, 0x01, 0x00, 0x00, 0x00, 0x00, 0x00, 0x00, 0x00, 0x00, 0x00, 0x00, 0x00,
    0x00, 0x00, 0x00, 0x00, 0x00, 0x82, 0xf6, 0xfe, 0xde, 0xc6, 0xc6, 0xe6, 0x7e, 0x7e, 0x0c, 0x80,
    0xc0, 0x60, 0x20, 0xe0, 0xe0, 0x40, 0x40, 0x60, 0xe0, 0x60, 0x00, 0xc0, 0xe0, 0x80, 0xc0, 0x60,
    0x20, 0xe0, 0xe0, 0x80, 0xc0, 0xe0, 0xe0, 0xc0, 0x40, 0x60, 0x60, 0xc2, 0xfa, 0xfe, 0x6e, 0x60,
    0xe0, 0xd0, 0x1c, 0x0c, 0x00, 0x00, 0x60, 0x60, 0x00, 0x00, 0x70, 0x70, 0x00, 0x00, 0x00, 0x00,
    0x00, 0x00, 0x00, 0x08, 0x0e, 0x0f, 0x0b, 0x08, 0x00, 0x01, 0x07, 0x0f, 0x0e, 0x08, 0x07, 0x0f,
    0x0f, 0x0b, 0x09, 0x0d, 0x00, 0x00, 0x06, 0x0f, 0x09, 0x0c, 0x0e, 0x07, 0x07, 0x0f, 0x0f, 0x0b,
    0x09, 0x0d, 0x00, 0x08, 0x0e, 0x0f, 0x03, 0x00, 0x00, 0x08, 0x0e, 0x0f, 0x0f, 0x08, 0x08, 0x0e,
    0x07, 0x03, 0x00, 0x00, 0x00, 0x00, 0x00, 0x00, 0x04, 0x04, 0x04, 0x00, 0x00, 0x00, 0x00, 0x00,
  },
  { // frame 19
    0x00, 0x00, 0x00, 0x00, 0x00, 0x00, 0x00, 0x00, 0x00, 0x00, 0x00, 0x00, 0x00, 0x00, 0x00, 0x00,
    0x00, 0x00, 0x00, 0x00, 0x00, 0x00, 0x00, 0x00, 0x00, 0x00, 0x00, 0x00, 0x00, 0x00, 0x00, 0x00,
    0x00, 0x00, 0x00, 0x00, 0x00, 0x00, 0x00, 0x00, 0x00, 0x00, 0x00, 0x00, 0x00, 0x00, 0x00, 0x00,
    0x00, 0x00, 0x80, 0x80, 0x80, 0x80, 0x80, 0xc0, 0x00, 0x00, 0x00, 0x00, 0x00, 0x00, 0x00, 0x00,
    0x00, 0x00, 0x00, 0x00, 0x00, 0x00, 0x00, 0x00, 0x00, 0x00, 0x00, 0x00, 0x00, 0x00, 0x00, 0x00,
    0x00, 0xc0, 0xe0, 0x70, 0x30, 0x30, 0x18, 0x0c, 0x0c, 0x06, 0x06, 0x06, 0x02, 0x02, 0x02, 0x02,
    0x03, 0x03, 0x00, 0x00, 0x00, 0x00, 0x00, 0x00, 0x00, 0x00, 0x00, 0x00, 0x00, 0x00, 0x00, 0x80,
    0x80, 0xc0, 0xc0, 0x40, 0x60, 0x60, 0x60, 0x00, 0x00, 0x00, 0x00, 0x00, 0x00, 0x00, 0x00, 0x00,
    0x00, 0x00, 0x00, 0x00, 0x00, 0x82, 0xf6, 0xfe, 0xde, 0xc6, 0xc6, 0xe6, 0x7e, 0x7e, 0x0c, 0x80,
    0xc0, 0x60, 0x20, 0xe0, 0xe0, 0x40, 0x40, 0x60, 0xe0, 0x60, 0x00, 0xc0, 0xe0, 0x80, 0xc0, 0x60,
    0x20, 0xe0, 0xe0, 0x80, 0xc0, 0xe0, 0xe0, 0xc0, 0x40, 0x60, 0x60, 0xc2, 0xfa, 0xfe, 0x6e, 0x61,
    0xe0, 0xc0, 0x00, 0x00, 0x00, 0x00, 0x00, 0x30, 0x30, 0xf0, 0xc0, 0x00, 0x00, 0x00, 0x00, 0x00,
    0x00, 0x00, 0x00, 0x08, 0x0e, 0x0f, 0x0b, 0x08, 0x00, 0x01, 0x07, 0x0f, 0x0e, 0x08, 0x07, 0x0f,
    0x0f, 0x0b, 0x09, 0x0d, 0x00, 0x00, 0x06, 0x0f, 0x09, 0x0c, 0x0e, 0x07, 0x07, 0x0f, 0x0f, 0x0b,
    0x09, 0x0d, 0x00, 0x08, 0x0e, 0x0f, 0x03, 0x00, 0x00, 0x08, 0x0e, 0x0f, 0x0f, 0x08, 0x08, 0x0e,
    0x07, 0x03, 0x00, 0x00, 0x00, 0x00, 0x00, 0x00, 0x04, 0x04, 0x00, 0x00, 0x08, 0x00, 0x00, 0x00,
  },
  { // frame 20
    0x00, 0x00, 0x00, 0x00, 0x00, 0x00, 0x00, 0x00, 0x00, 0x00, 0x00, 0x00, 0x00, 0x00, 0x00, 0x00,
    0x00, 0x00, 0x00, 0x00, 0x00, 0x00, 0x00, 0x00, 0x00, 0x00, 0x00, 0x00, 0x00, 0x00, 0x00, 0x00,
    0x00, 0x00, 0x00, 0x00, 0x00, 0x00, 0x00, 0x00, 0x00, 0x00, 0x00, 0x00, 0x00, 0x00, 0x00, 0x20,
    0x20, 0x20, 0xa0, 0xe0, 0xe0, 0xe0, 0x00, 0x80, 0x80, 0x80, 0x00, 0x00, 0x00, 0x00, 0x00, 0x00,
    0x00, 0x00, 0x00, 0x00, 0x00, 0x00, 0x00, 0x00, 0x00, 0x00, 0x40, 0x60, 0x70, 0x38, 0x18, 0x0c,
    0x0c, 0x04, 0x06, 0x06, 0x03, 0x03, 0x03, 0x00, 0x00, 0x00, 0x00, 0x00, 0x00, 0xc0, 0xe0, 0x60,
    0x30, 0x30, 0x18, 0x18, 0x18, 0x08, 0x00, 0xc0, 0x60, 0x70, 0x30, 0x10, 0x18, 0x18, 0x18, 0x18,
    0x88, 0x88, 0xc9, 0xc9, 0xcd, 0x4d, 0x4d, 0x4d, 0x4d, 0x49, 0xc8, 0xc0, 0x00, 0x00, 0x00, 0x00,
    0x00, 0x00, 0x00, 0x00, 0x00, 0x82, 0xf6, 0xfe, 0xde, 0xc6, 0xc6, 0xe6, 0x7e, 0x7e, 0x0c, 0x80,
    0xc0, 0x60, 0x20, 0xe0, 0xe0, 0x40, 0x40, 0x60, 0xe0, 0x60, 0x00, 0xc0, 0xe0, 0x80, 0xc0, 0x60,
    0x20, 0xe0, 0xe0, 0x80, 0xc0, 0xe0, 0xe0, 0xc0, 0x40, 0x60, 0x60, 0xc2, 0xfa, 0xfe, 0x6e, 0x60,
    0xe1, 0xc8, 0x0e, 0x06, 0x06, 0x03, 0x03, 0x33, 0x33, 0x03, 0x02, 0x02, 0x00, 0x00, 0x00, 0x00,
    0x00, 0x00, 0x00, 0x08, 0x0e, 0x0f, 0x0b, 0x08, 0x00, 0x01, 0x07, 0x0f, 0x0e, 0x08, 0x07, 0x0f,
    0x0f, 0x0b, 0x09, 0x0d, 0x00, 0x00, 0x06, 0x0f, 0x09, 0x0c, 0x0e, 0x07, 0x07, 0x0f, 0x0f, 0x0b,
    0x09, 0x0d, 0x00, 0x08, 0x0e, 0x0f, 0x03, 0x00, 0x00, 0x08, 0x0e, 0x0f, 0x0f, 0x08, 0x08, 0x0e,
    0x07, 0x03, 0x00, 0x00, 0x00, 0x00, 0x00, 0x00, 0x02, 0x02, 0x03, 0x00, 0x00, 0x00, 0x00, 0x00,
  },
  { // frame 21
    0x00, 0x00, 0x00, 0x00, 0x00, 0x80, 0xc0, 0xc0, 0x00, 0x00, 0x00, 0x00, 0x00, 0x00, 0x40, 0x40,
    0x60, 0x60, 0x00, 0x00, 0x00, 0x00, 0x00, 0x00, 0x00, 0x00, 0x00, 0x00, 0x00, 0x00, 0x00, 0x00,
    0x00, 0x00, 0x00, 0x00, 0x00, 0x00, 0x00, 0x00, 0x00, 0x00, 0x00, 0x00, 0x00, 0x60, 0x60, 0x60,
    0x20, 0x20, 0x30, 0x30, 0x30, 0x30, 0x30, 0x30, 0x20, 0x20, 0x00, 0x00, 0x00, 0x00, 0x00, 0x00,
    0x00, 0x00, 0x00, 0x00, 0x60, 0x39, 0x1d, 0x0c, 0x06, 0x02, 0x03, 0x03, 0x00, 0x00, 0x00, 0x00,
    0x00, 0x00, 0x60, 0x30, 0x30, 0x18, 0x08, 0x0c, 0x0c, 0x06, 0x06, 0x02, 0x03, 0x03, 0x03, 0x01,
    0x00, 0x00, 0x00, 0x00, 0x00, 0x00, 0x00, 0x00, 0x00, 0x00, 0x00, 0x00, 0x00, 0x30, 0x30, 0x30,
    0x18, 0x18, 0x08, 0x08, 0x0c, 0x0c, 0x0c, 0x0c, 0x8c, 0x8c, 0x88, 0x00, 0x00, 0x00, 0x00, 0x00,
    0x00, 0x00, 0x00, 0x00, 0x00, 0x82, 0xf6, 0xfe, 0xde, 0xc6, 0xc6, 0xe6, 0x7e, 0x7e, 0x0c, 0x80,
    0xc0, 0x60, 0x20, 0xe0, 0xe0, 0x40, 0x40, 0x60, 0xe0, 0x60, 0x00, 0xc0, 0xe0, 0x80, 0xc0, 0x60,
    0x20, 0xe0, 0xe0, 0x80, 0xc0, 0xe0, 0xe0, 0xc0, 0x40, 0x60, 0x60, 0xc2, 0xfa, 0xfe, 0x6e, 0x60,
    0xe0, 0xc0, 0x00, 0x06, 0x02, 0x03, 0x03, 0x21, 0x31, 0x31, 0x01, 0x00, 0x00, 0x00, 0x00, 0x00,
    0x00, 0x00, 0x00, 0x08, 0x0e, 0x0f, 0x0b, 0x08, 0x00, 0x01, 0x07, 0x0f, 0x0e, 0x08, 0x07, 0x0f,
    0x0f, 0x0b, 0x09, 0x0d, 0x00, 0x00, 0x06, 0x0f, 0x09, 0x0c, 0x0e, 0x07, 0x07, 0x0f, 0x0f, 0x0b,
    0x09, 0x0d, 0x00, 0x08, 0x0e, 0x0f, 0x03, 0x00, 0x00, 0x08, 0x0e, 0x0f, 0x0f, 0x08, 0x08, 0x0e,
    0x07, 0x03, 0x00, 0x00, 0x00, 0x00, 0x00, 0x00, 0x00, 0x00, 0x00, 0x00, 0x00, 0x00, 0x00, 0x00,
  },
  { // frame 22
    0x00, 0x00, 0x00, 0x00, 0x00, 0x00, 0x00, 0x00, 0x00, 0x00, 0x00, 0x00, 0x00, 0x00, 0x00, 0x00,
    0x00, 0x00, 0x00, 0x00, 0x00, 0x00, 0x00, 0x60, 0x60, 0x20, 0x20, 0x30, 0x30, 0x30, 0x30, 0x20,
    0x30, 0x30, 0x30, 0x00, 0x00, 0x00, 0x00, 0x00, 0x00, 0x00, 0x00, 0x00, 0x00, 0x00, 0x00, 0x00,
    0x00, 0x00, 0x00, 0x00, 0x00, 0x00, 0x00, 0x00, 0x00, 0x00, 0x00, 0x00, 0x00, 0x00, 0x00, 0x00,
    0x00, 0x00, 0x00, 0x00, 0x00, 0x10, 0x1c, 0x0c, 0x00, 0x00, 0x00, 0x00, 0x00, 0x00, 0x00, 0x00,
    0x00, 0x00, 0x00, 0x00, 0x00, 0x00, 0x00, 0x00, 0x00, 0x00, 0x00, 0x00, 0x00, 0x00, 0x00, 0x00,
    0x00, 0x30, 0x30, 0x00, 0x00, 0x0c, 0x00, 0x00, 0x80, 0xc0, 0x00, 0x00, 0x00, 0x00, 0x00, 0x00,
    0x00, 0x00, 0x00, 0x00, 0x00, 0x00, 0x00, 0x00, 0x00, 0x00, 0x00, 0x00, 0x00, 0x00, 0x00, 0x00,
    0x00, 0x00, 0x00, 0x00, 0x00, 0x82, 0xf6, 0xfe, 0xde, 0xc6, 0xc6, 0xe6, 0x7e, 0x7e, 0x0c, 0x80,
    0xc0, 0x60, 0x20, 0xe0, 0xe0, 0x40, 0x40, 0x60, 0xe0, 0x60, 0x00, 0xc0, 0xe0, 0x80, 0xc0, 0x60,
    0x20, 0xe0, 0xe0, 0x80, 0xc0, 0xe0, 0xe0, 0xc0, 0x40, 0x60, 0x60, 0xc2, 0xfa, 0xfe, 0x6e, 0x60,
    0xe0, 0xc0, 0x00, 0x0c, 0x06, 0x06, 0x02, 0x42, 0x63, 0x63, 0x03, 0x00, 0x00, 0x00, 0x00, 0x00,
    0x00, 0x00, 0x00, 0x08, 0x0e, 0x0f, 0x0b, 0x08, 0x00, 0x01, 0x07, 0x0f, 0x0e, 0x08, 0x07, 0x0f,
    0x0f, 0x0b, 0x09, 0x0d, 0x00, 0x00, 0x06, 0x0f, 0x09, 0x0c, 0x0e, 0x07, 0x07, 0x0f, 0x0f, 0x0b,
    0x09, 0x0d, 0x00, 0x08, 0x0e, 0x0f, 0x03, 0x00, 0x00, 0x08, 0x0e, 0x0f, 0x0f, 0x08, 0x08, 0x0e,
    0x07, 0x03, 0x00, 0x00, 0x00, 0x00, 0x00, 0x00, 0x00, 0x00, 0x00, 0x00, 0x00, 0x00, 0x00, 0x00,
  },
  { // frame 23
    0x00, 0x00, 0x00, 0x00, 0x80, 0xc0, 0x60, 0x60, 0x20, 0x20, 0x00, 0x00, 0x00, 0x00, 0x00, 0x00,
    0x00, 0x00, 0x00, 0x00, 0x00, 0x00, 0x00, 0x00, 0x00, 0x00, 0x00, 0x00, 0x00, 0x00, 0x00, 0x00,
    0x00, 0x00, 0x00, 0x00, 0x00, 0x00, 0x00, 0x00, 0x00, 0x00, 0x00, 0x00, 0x00, 0x00, 0x40, 0x40,
    0x40, 0x00, 0x00, 0x00, 0x00, 0x00, 0x00, 0x00, 0x00, 0x00, 0x00, 0x00, 0x00, 0x00, 0x00, 0x00,
    0x00, 0x00, 0x00, 0x00, 0x00, 0x00, 0x00, 0x00, 0x00, 0x00, 0x00, 0x00, 0x00, 0x00, 0x00, 0x00,
    0x00, 0x00, 0x60, 0x30, 0x10, 0x18, 0x0c, 0x0c, 0x04, 0x06, 0x06, 0x02, 0x02, 0x02, 0x03, 0x00,
    0x00, 0x00, 0x00, 0x00, 0x00, 0x00, 0x00, 0x80, 0xc0, 0xc0, 0x60, 0x20, 0x30, 0x30, 0x10, 0x10,
    0x10, 0x18, 0x18, 0x18, 0x18, 0x08, 0x08, 0x18, 0x18, 0x18, 0x18, 0x18, 0x18, 0x00, 0x00, 0x00,
    0x00, 0x00, 0x00, 0x00, 0x00, 0x82, 0xf6, 0xfe, 0xde, 0xc6, 0xc6, 0xe6, 0x7e, 0x7e, 0x0c, 0x80,
    0xc0, 0x60, 0x20, 0xe0, 0xe0, 0x40, 0x40, 0x60, 0xe0, 0x60, 0x00, 0xc0, 0xe0, 0x80, 0xc0, 0x60,
    0x20, 0xe0, 0xe0, 0x80, 0xc0, 0xe0, 0xe0, 0xc0, 0x40, 0x60, 0x60, 0xc2, 0xfa, 0xfe, 0x6e, 0x60,
    0xe0, 0xc0, 0x08, 0x0c, 0x06, 0x06, 0x02, 0x02, 0x73, 0x73, 0x23, 0x00, 0x00, 0x00, 0x00, 0x00,
    0x00, 0x00, 0x00, 0x08, 0x0e, 0x0f, 0x0b, 0x08, 0x00, 0x01, 0x07, 0x0f, 0x0e, 0x08, 0x07, 0x0f,
    0x0f, 0x0b, 0x09, 0x0d, 0x00, 0x00, 0x06, 0x0f, 0x09, 0x0c, 0x0e, 0x07, 0x07, 0x0f, 0x0f, 0x0b,
    0x09, 0x0d, 0x00, 0x08, 0x0e, 0x0f, 0x03, 0x00, 0x00, 0x08, 0x0e, 0x0f, 0x0f, 0x08, 0x08, 0x0e,
    0x07, 0x03, 0x00, 0x00, 0x00, 0x00, 0x00, 0x00, 0x00, 0x04, 0x06, 0x06, 0x00, 0x00, 0x00, 0x00,
  },
};

static const uint8_t PICOPRO_SELECTOR_TUNER_ICON_FRAMES[][PICOPRO_SELECTOR_ICON_FRAME_BYTES] = {
  { // frame 1
    0x00, 0x00, 0x00, 0x00, 0x00, 0x00, 0x00, 0x00, 0x00, 0x00, 0x00, 0x00, 0x00, 0x00, 0x00, 0x00,
    0x00, 0x00, 0x00, 0x00, 0x00, 0x00, 0x00, 0x00, 0x00, 0x00, 0x00, 0x00, 0x00, 0x00, 0x00, 0x00,
    0x00, 0x00, 0x00, 0x00, 0x00, 0x00, 0x00, 0x00, 0x00, 0x00, 0x00, 0x00, 0x00, 0xe0, 0x20, 0x20,
    0xe0, 0xe0, 0x00, 0x00, 0x00, 0x00, 0x00, 0xe0, 0x20, 0x20, 0xe0, 0xe0, 0x00, 0x00, 0x00, 0x00,
    0x00, 0x00, 0x00, 0x00, 0x00, 0x00, 0x00, 0x00, 0x00, 0x00, 0x00, 0x00, 0x00, 0x00, 0x00, 0x00,
    0x00, 0x00, 0x00, 0x00, 0x00, 0x00, 0x00, 0x00, 0x00, 0x00, 0x00, 0x00, 0x00, 0x00, 0x00, 0x00,
    0x00, 0x00, 0x00, 0x00, 0x00, 0x00, 0x00, 0x00, 0x00, 0x00, 0x00, 0x00, 0x00, 0xff, 0x00, 0x00,
    0x7f, 0xff, 0x80, 0x00, 0x00, 0x00, 0xc0, 0x7f, 0x00, 0x00, 0xff, 0xff, 0x00, 0x00, 0x00, 0x00,
    0x00, 0x00, 0x00, 0x0c, 0x06, 0x06, 0xe6, 0xfe, 0x7e, 0x0e, 0x06, 0x06, 0xce, 0xc6, 0xe0, 0xe0,
    0x00, 0x00, 0xc0, 0xe0, 0x60, 0x80, 0xc0, 0xe0, 0xe0, 0xc0, 0x40, 0xe0, 0xe0, 0x00, 0x00, 0x80,
    0xc0, 0x60, 0x20, 0xe0, 0xe0, 0x00, 0x80, 0xc0, 0xe0, 0xc0, 0xc0, 0x60, 0x60, 0x43, 0x0e, 0x38,
    0x60, 0xc3, 0x8f, 0x0c, 0x08, 0x8e, 0xc3, 0xe0, 0x78, 0x3e, 0x0f, 0x03, 0x00, 0x00, 0x00, 0x00,
    0x00, 0x00, 0x00, 0x08, 0x0c, 0x0f, 0x0f, 0x0b, 0x00, 0x00, 0x00, 0x00, 0x00, 0x0e, 0x0f, 0x0d,
    0x0c, 0x06, 0x0f, 0x0c, 0x04, 0x08, 0x0e, 0x0f, 0x01, 0x00, 0x0e, 0x0f, 0x09, 0x00, 0x07, 0x0f,
    0x0b, 0x0b, 0x09, 0x0d, 0x00, 0x00, 0x08, 0x0e, 0x0f, 0x03, 0x00, 0x00, 0x00, 0x00, 0x00, 0x00,
    0x00, 0x00, 0x0f, 0x08, 0x08, 0x0f, 0x0f, 0x00, 0x00, 0x00, 0x00, 0x00, 0x00, 0x00, 0x00, 0x00,
  },
  { // frame 2
    0x00, 0x00, 0x00, 0x00, 0x00, 0x00, 0x00, 0x00, 0x00, 0x00, 0x00, 0x00, 0x00, 0x00, 0x00, 0x00,
    0x00, 0x00, 0x00, 0x00, 0x00, 0x00, 0x00, 0x00, 0x00, 0x00, 0x00, 0x00, 0x00, 0x00, 0x00, 0x00,
    0x00, 0x00, 0x00, 0x00, 0x00, 0x00, 0x00, 0x00, 0x00, 0x80, 0xc0, 0x00, 0x00, 0xe0, 0x20, 0x20,
    0xe0, 0xe0, 0x00, 0x00, 0x00, 0x00, 0x00, 0xe0, 0x20, 0x20, 0xe0, 0xe0, 0x00, 0x00, 0x00, 0x00,
    0x00, 0x00, 0x00, 0x00, 0x00, 0x00, 0x00, 0x00, 0x00, 0x00, 0x00, 0x00, 0x00, 0x00, 0x00, 0x00,
    0x00, 0x00, 0x00, 0x00, 0x00, 0x00, 0x00, 0x00, 0x00, 0x00, 0x00, 0x00, 0x00, 0x00, 0x00, 0x00,
    0x00, 0x00, 0x00, 0x00, 0x00, 0x00, 0x00, 0x00, 0x00, 0x0f, 0x18, 0x00, 0x00, 0xff, 0x00, 0x00,
    0x7f, 0xff, 0x80, 0x00, 0x00, 0x00, 0xc0, 0x7f, 0x00, 0x00, 0xff, 0xff, 0x00, 0x00, 0x00, 0x00,
    0x00, 0x00, 0x00, 0x0c, 0x06, 0x06, 0xe6, 0xfe, 0x7e, 0x0e, 0x06, 0x06, 0xce, 0xc6, 0xe0, 0xe0,
    0x00, 0x00, 0xc0, 0xe0, 0x60, 0x80, 0xc0, 0xe0, 0xe0, 0xc0, 0x40, 0xe0, 0xe0, 0x00, 0x00, 0x80,
    0xc0, 0x60, 0x20, 0xe0, 0xe0, 0x00, 0x80, 0xc0, 0xe0, 0xc0, 0xc0, 0x60, 0x60, 0x43, 0x0e, 0x38,
    0x60, 0xc3, 0x8f, 0x0c, 0x08, 0x8e, 0xc3, 0xe0, 0x78, 0x3e, 0x0f, 0x03, 0x00, 0x00, 0x00, 0x00,
    0x00, 0x00, 0x00, 0x08, 0x0c, 0x0f, 0x0f, 0x0b, 0x00, 0x00, 0x00, 0x00, 0x00, 0x0e, 0x0f, 0x0d,
    0x0c, 0x06, 0x0f, 0x0c, 0x04, 0x08, 0x0e, 0x0f, 0x01, 0x00, 0x0e, 0x0f, 0x09, 0x00, 0x07, 0x0f,
    0x0b, 0x0b, 0x09, 0x0d, 0x00, 0x00, 0x08, 0x0e, 0x0f, 0x03, 0x00, 0x00, 0x00, 0x00, 0x00, 0x00,
    0x00, 0x00, 0x0f, 0x08, 0x08, 0x0f, 0x0f, 0x00, 0x00, 0x00, 0x00, 0x00, 0x00, 0x00, 0x00, 0x00,
  },
  { // frame 3
    0x00, 0x00, 0x00, 0x00, 0x00, 0x00, 0x00, 0x00, 0x00, 0x00, 0x00, 0x00, 0x00, 0x00, 0x00, 0x00,
    0x00, 0x00, 0x00, 0x00, 0x00, 0x00, 0x00, 0x00, 0x00, 0x00, 0x00, 0x00, 0x00, 0x00, 0x00, 0x00,
    0x00, 0x00, 0x00, 0x00, 0x00, 0x00, 0xc0, 0x60, 0x00, 0x80, 0x80, 0x00, 0x00, 0xe0, 0x20, 0x20,
    0xe0, 0xe0, 0x00, 0x00, 0x00, 0x00, 0x00, 0xe0, 0x20, 0x20, 0xe0, 0xe0, 0x00, 0x00, 0x00, 0x00,
    0x00, 0x00, 0x00, 0x00, 0x00, 0x00, 0x00, 0x00, 0x00, 0x00, 0x00, 0x00, 0x00, 0x00, 0x00, 0x00,
    0x00, 0x00, 0x00, 0x00, 0x00, 0x00, 0x00, 0x00, 0x00, 0x00, 0x00, 0x00, 0x00, 0x00, 0x00, 0x00,
    0x00, 0x00, 0x00, 0x00, 0x00, 0x00, 0x1f, 0x30, 0x00, 0x0f, 0x08, 0x00, 0x00, 0xff, 0x00, 0x00,
    0x7f, 0xff, 0x80, 0x00, 0x00, 0x00, 0xc0, 0x7f, 0x00, 0x00, 0xff, 0xff, 0x00, 0x00, 0x00, 0x00,
    0x00, 0x00, 0x00, 0x0c, 0x06, 0x06, 0xe6, 0xfe, 0x7e, 0x0e, 0x06, 0x06, 0xce, 0xc6, 0xe0, 0xe0,
    0x00, 0x00, 0xc0, 0xe0, 0x60, 0x80, 0xc0, 0xe0, 0xe0, 0xc0, 0x40, 0xe0, 0xe0, 0x00, 0x00, 0x80,
    0xc0, 0x60, 0x20, 0xe0, 0xe0, 0x00, 0x80, 0xc0, 0xe0, 0xc0, 0xc0, 0x60, 0x60, 0x43, 0x0e, 0x38,
    0x60, 0xc3, 0x8f, 0x0c, 0x08, 0x8e, 0xc3, 0xe0, 0x78, 0x3e, 0x0f, 0x03, 0x00, 0x00, 0x00, 0x00,
    0x00, 0x00, 0x00, 0x08, 0x0c, 0x0f, 0x0f, 0x0b, 0x00, 0x00, 0x00, 0x00, 0x00, 0x0e, 0x0f, 0x0d,
    0x0c, 0x06, 0x0f, 0x0c, 0x04, 0x08, 0x0e, 0x0f, 0x01, 0x00, 0x0e, 0x0f, 0x09, 0x00, 0x07, 0x0f,
    0x0b, 0x0b, 0x09, 0x0d, 0x00, 0x00, 0x08, 0x0e, 0x0f, 0x03, 0x00, 0x00, 0x00, 0x00, 0x00, 0x00,
    0x00, 0x00, 0x0f, 0x08, 0x08, 0x0f, 0x0f, 0x00, 0x00, 0x00, 0x00, 0x00, 0x00, 0x00, 0x00, 0x00,
  },
  { // frame 4
    0x00, 0x00, 0x00, 0x00, 0x00, 0x00, 0x00, 0x00, 0x00, 0x00, 0x00, 0x00, 0x00, 0x00, 0x00, 0x00,
    0x00, 0x00, 0x00, 0x00, 0x00, 0x00, 0x00, 0x00, 0x00, 0x00, 0x00, 0x00, 0x00, 0x00, 0x00, 0x00,
    0x00, 0x00, 0x00, 0xe0, 0x30, 0x00, 0xc0, 0x40, 0x00, 0x80, 0x00, 0x00, 0x00, 0xe0, 0x20, 0x20,
    0xe0, 0xe0, 0x00, 0x00, 0x00, 0x00, 0x00, 0xe0, 0x20, 0x20, 0xe0, 0xe0, 0x00, 0x00, 0x00, 0x00,
    0x00, 0x00, 0x00, 0x00, 0x00, 0x00, 0x00, 0x00, 0x00, 0x00, 0x00, 0x00, 0x00, 0x00, 0x00, 0x00,
    0x00, 0x00, 0x00, 0x00, 0x00, 0x00, 0x00, 0x00, 0x00, 0x00, 0x00, 0x00, 0x00, 0x00, 0x00, 0x00,
    0x00, 0x00, 0x00, 0x3f, 0xe0, 0x00, 0x1f, 0x10, 0x00, 0x0f, 0x00, 0x00, 0x00, 0xff, 0x00, 0x00,
    0x7f, 0xff, 0x80, 0x00, 0x00, 0x00, 0xc0, 0x7f, 0x00, 0x00, 0xff, 0xff, 0x00, 0x00, 0x00, 0x00,
    0x00, 0x00, 0x00, 0x0c, 0x06, 0x06, 0xe6, 0xfe, 0x7e, 0x0e, 0x06, 0x06, 0xce, 0xc6, 0xe0, 0xe0,
    0x00, 0x00, 0xc0, 0xe0, 0x60, 0x80, 0xc0, 0xe0, 0xe0, 0xc0, 0x40, 0xe0, 0xe0, 0x00, 0x00, 0x80,
    0xc0, 0x60, 0x20, 0xe0, 0xe0, 0x00, 0x80, 0xc0, 0xe0, 0xc0, 0xc0, 0x60, 0x60, 0x43, 0x0e, 0x38,
    0x60, 0xc3, 0x8f, 0x0c, 0x08, 0x8e, 0xc3, 0xe0, 0x78, 0x3e, 0x0f, 0x03, 0x00, 0x00, 0x00, 0x00,
    0x00, 0x00, 0x00, 0x08, 0x0c, 0x0f, 0x0f, 0x0b, 0x00, 0x00, 0x00, 0x00, 0x00, 0x0e, 0x0f, 0x0d,
    0x0c, 0x06, 0x0f, 0x0c, 0x04, 0x08, 0x0e, 0x0f, 0x01, 0x00, 0x0e, 0x0f, 0x09, 0x00, 0x07, 0x0f,
    0x0b, 0x0b, 0x09, 0x0d, 0x00, 0x00, 0x08, 0x0e, 0x0f, 0x03, 0x00, 0x00, 0x00, 0x00, 0x00, 0x00,
    0x00, 0x00, 0x0f, 0x08, 0x08, 0x0f, 0x0f, 0x00, 0x00, 0x00, 0x00, 0x00, 0x00, 0x00, 0x00, 0x00,
  },
  { // frame 5
    0x00, 0x00, 0x00, 0x00, 0x00, 0x00, 0x00, 0x00, 0x00, 0x00, 0x00, 0x00, 0x00, 0x00, 0x00, 0x00,
    0x00, 0x00, 0x00, 0x00, 0x00, 0x00, 0x00, 0x00, 0x00, 0x00, 0x00, 0x00, 0x00, 0x00, 0x00, 0x00,
    0xf0, 0x10, 0x00, 0xe0, 0x20, 0x00, 0xc0, 0x00, 0x00, 0x00, 0x00, 0x00, 0x00, 0xe0, 0x20, 0x20,
    0xe0, 0xe0, 0x00, 0x00, 0x00, 0x00, 0x00, 0xe0, 0x20, 0x20, 0xe0, 0xe0, 0x00, 0x00, 0x00, 0x00,
    0x00, 0x00, 0x00, 0x00, 0x00, 0x00, 0x00, 0x00, 0x00, 0x00, 0x00, 0x00, 0x00, 0x00, 0x00, 0x00,
    0x00, 0x00, 0x00, 0x00, 0x00, 0x00, 0x00, 0x00, 0x00, 0x00, 0x00, 0x00, 0x00, 0x00, 0x00, 0x00,
    0x7f, 0xc0, 0x00, 0x3f, 0x20, 0x00, 0x1f, 0x00, 0x00, 0x07, 0x00, 0x00, 0x00, 0xff, 0x00, 0x00,
    0x7f, 0xff, 0x80, 0x00, 0x00, 0x00, 0xc0, 0x7f, 0x00, 0x00, 0xff, 0xff, 0x00, 0x00, 0x00, 0x00,
    0x00, 0x00, 0x00, 0x0c, 0x06, 0x06, 0xe6, 0xfe, 0x7e, 0x0e, 0x06, 0x06, 0xce, 0xc6, 0xe0, 0xe0,
    0x00, 0x00, 0xc0, 0xe0, 0x60, 0x80, 0xc0, 0xe0, 0xe0, 0xc0, 0x40, 0xe0, 0xe0, 0x00, 0x00, 0x80,
    0xc0, 0x63, 0x20, 0xe0, 0xe0, 0x00, 0x80, 0xc0, 0xe0, 0xc0, 0xc0, 0x60, 0x60, 0x43, 0x0e, 0x38,
    0x60, 0xc3, 0x8f, 0x0c, 0x08, 0x8e, 0xc3, 0xe0, 0x78, 0x3e, 0x0f, 0x03, 0x00, 0x00, 0x00, 0x00,
    0x00, 0x00, 0x00, 0x08, 0x0c, 0x0f, 0x0f, 0x0b, 0x00, 0x00, 0x00, 0x00, 0x00, 0x0e, 0x0f, 0x0d,
    0x0c, 0x06, 0x0f, 0x0c, 0x04, 0x08, 0x0e, 0x0f, 0x01, 0x00, 0x0e, 0x0f, 0x09, 0x00, 0x07, 0x0f,
    0x0b, 0x0b, 0x09, 0x0d, 0x00, 0x00, 0x08, 0x0e, 0x0f, 0x03, 0x00, 0x00, 0x00, 0x00, 0x00, 0x00,
    0x00, 0x00, 0x0f, 0x08, 0x08, 0x0f, 0x0f, 0x00, 0x00, 0x00, 0x00, 0x00, 0x00, 0x00, 0x00, 0x00,
  },
  { // frame 6
    0x00, 0x00, 0x00, 0x00, 0x00, 0x00, 0x00, 0x00, 0x00, 0x00, 0x00, 0x00, 0x00, 0x00, 0x00, 0x00,
    0x00, 0x00, 0x00, 0x00, 0x00, 0x00, 0x00, 0x00, 0x00, 0x00, 0x00, 0x00, 0x00, 0xf0, 0x00, 0x00,
    0xf0, 0x10, 0x00, 0xe0, 0x00, 0x00, 0x80, 0x00, 0x00, 0x00, 0x00, 0x00, 0x00, 0xe0, 0x20, 0x20,
    0xe0, 0xe0, 0x00, 0x00, 0x00, 0x00, 0x00, 0xe0, 0x20, 0x20, 0xe0, 0xe0, 0x00, 0x00, 0x00, 0x00,
    0x00, 0x00, 0x00, 0x00, 0x00, 0x00, 0x00, 0x00, 0x00, 0x00, 0x00, 0x00, 0x00, 0x00, 0x00, 0x00,
    0x00, 0x00, 0x00, 0x00, 0x00, 0x00, 0x00, 0x00, 0x00, 0x00, 0x00, 0x00, 0x00, 0xff, 0x00, 0x00,
    0x7f, 0x40, 0x00, 0x3f, 0x00, 0x00, 0x0f, 0x00, 0x00, 0x02, 0x00, 0x00, 0x00, 0xff, 0x00, 0x00,
    0x7f, 0xff, 0x80, 0x00, 0x00, 0x00, 0xc0, 0x7f, 0x00, 0x00, 0xff, 0xff, 0x00, 0x00, 0x00, 0x00,
    0x00, 0x00, 0x00, 0x0c, 0x06, 0x06, 0xe6, 0xfe, 0x7e, 0x0e, 0x06, 0x06, 0xce, 0xc6, 0xe0, 0xe0,
    0x00, 0x00, 0xc0, 0xe0, 0x60, 0x80, 0xc0, 0xe0, 0xe0, 0xc0, 0x40, 0xe0, 0xe0, 0x01, 0x07, 0x80,
    0xc0, 0x60, 0x20, 0xe0, 0xe0, 0x00, 0x80, 0xc0, 0xe0, 0xc0, 0xc0, 0x60, 0x60, 0x43, 0x0e, 0x38,
    0x60, 0xc3, 0x8f, 0x0c, 0x08, 0x8e, 0xc3, 0xe0, 0x78, 0x3e, 0x0f, 0x03, 0x00, 0x00, 0x00, 0x00,
    0x00, 0x00, 0x00, 0x08, 0x0c, 0x0f, 0x0f, 0x0b, 0x00, 0x00, 0x00, 0x00, 0x00, 0x0e, 0x0f, 0x0d,
    0x0c, 0x06, 0x0f, 0x0c, 0x04, 0x08, 0x0e, 0x0f, 0x01, 0x00, 0x0e, 0x0f, 0x09, 0x00, 0x07, 0x0f,
    0x0b, 0x0b, 0x09, 0x0d, 0x00, 0x00, 0x08, 0x0e, 0x0f, 0x03, 0x00, 0x00, 0x00, 0x00, 0x00, 0x00,
    0x00, 0x00, 0x0f, 0x08, 0x08, 0x0f, 0x0f, 0x00, 0x00, 0x00, 0x00, 0x00, 0x00, 0x00, 0x00, 0x00,
  },
  { // frame 7
    0x00, 0x00, 0x00, 0x00, 0x00, 0x00, 0x00, 0x00, 0x00, 0x00, 0x00, 0x00, 0x00, 0x00, 0x00, 0x00,
    0x00, 0x00, 0x00, 0x00, 0x00, 0x00, 0x00, 0x00, 0x00, 0x00, 0xf0, 0x00, 0x00, 0xf0, 0x00, 0x00,
    0xe0, 0x00, 0x00, 0x80, 0x00, 0x00, 0x00, 0x00, 0x00, 0x00, 0x00, 0x00, 0x00, 0xe0, 0x20, 0x20,
    0xe0, 0xe0, 0x00, 0x00, 0x00, 0x00, 0x00, 0xe0, 0x20, 0x20, 0xe0, 0xe0, 0x00, 0x00, 0x00, 0x00,
    0x00, 0x00, 0x00, 0x00, 0x00, 0x00, 0x00, 0x00, 0x00, 0x00, 0x00, 0x00, 0x00, 0x00, 0x00, 0x00,
    0x00, 0x00, 0x00, 0x00, 0x00, 0x00, 0x00, 0x00, 0x00, 0x00, 0xff, 0x00, 0x00, 0xff, 0x00, 0x00,
    0x3f, 0x00, 0x00, 0x0f, 0x00, 0x00, 0x07, 0x00, 0x00, 0x02, 0x00, 0x00, 0x00, 0xff, 0x00, 0x00,
    0x7f, 0xff, 0x80, 0x00, 0x00, 0x00, 0xc0, 0x7f, 0x00, 0x00, 0xff, 0xff, 0x00, 0x00, 0x00, 0x00,
    0x00, 0x00, 0x00, 0x0c, 0x06, 0x06, 0xe6, 0xfe, 0x7e, 0x0e, 0x06, 0x06, 0xce, 0xc6, 0xe0, 0xe0,
    0x00, 0x00, 0xc0, 0xe0, 0x60, 0x80, 0xc0, 0xe0, 0xe0, 0xc0, 0x47, 0xe4, 0xe0, 0x01, 0x01, 0x80,
    0xc0, 0x60, 0x20, 0xe0, 0xe0, 0x00, 0x80, 0xc0, 0xe0, 0xc0, 0xc0, 0x60, 0x60, 0x43, 0x0e, 0x38,
    0x60, 0xc3, 0x8f, 0x0c, 0x08, 0x8e, 0xc3, 0xe0, 0x78, 0x3e, 0x0f, 0x03, 0x00, 0x00, 0x00, 0x00,
    0x00, 0x00, 0x00, 0x08, 0x0c, 0x0f, 0x0f, 0x0b, 0x00, 0x00, 0x00, 0x00, 0x00, 0x0e, 0x0f, 0x0d,
    0x0c, 0x06, 0x0f, 0x0c, 0x04, 0x08, 0x0e, 0x0f, 0x01, 0x00, 0x0e, 0x0f, 0x09, 0x00, 0x07, 0x0f,
    0x0b, 0x0b, 0x09, 0x0d, 0x00, 0x00, 0x08, 0x0e, 0x0f, 0x03, 0x00, 0x00, 0x00, 0x00, 0x00, 0x00,
    0x00, 0x00, 0x0f, 0x08, 0x08, 0x0f, 0x0f, 0x00, 0x00, 0x00, 0x00, 0x00, 0x00, 0x00, 0x00, 0x00,
  },
  { // frame 8
    0x00, 0x00, 0x00, 0x00, 0x00, 0x00, 0x00, 0x00, 0x00, 0x00, 0x00, 0x00, 0x00, 0x00, 0x00, 0x00,
    0x00, 0x00, 0x00, 0x00, 0x00, 0x00, 0x00, 0xf0, 0x00, 0x00, 0xf0, 0x00, 0x00, 0xf0, 0x00, 0x00,
    0xe0, 0x00, 0x00, 0x80, 0x00, 0x00, 0x00, 0x00, 0x00, 0x00, 0x00, 0x00, 0x00, 0xe0, 0x20, 0x20,
    0xe0, 0xe0, 0x00, 0x00, 0x00, 0x00, 0x00, 0xe0, 0x20, 0x20, 0xe0, 0xe0, 0x00, 0x00, 0x00, 0x00,
    0x00, 0x00, 0x00, 0x00, 0x00, 0x00, 0x00, 0x00, 0x00, 0x00, 0x00, 0x00, 0x00, 0x00, 0x00, 0x00,
    0x00, 0x00, 0x00, 0x00, 0x00, 0x00, 0x00, 0xff, 0x00, 0x00, 0xff, 0x00, 0x00, 0xff, 0x00, 0x00,
    0x3f, 0x00, 0x00, 0x0f, 0x00, 0x00, 0x02, 0x00, 0x00, 0x00, 0x00, 0x00, 0x00, 0xff, 0x00, 0x00,
    0x7f, 0xff, 0x80, 0x00, 0x00, 0x00, 0xc0, 0x7f, 0x00, 0x00, 0xff, 0xff, 0x00, 0x00, 0x00, 0x00,
    0x00, 0x00, 0x00, 0x0c, 0x06, 0x06, 0xe6, 0xfe, 0x7e, 0x0e, 0x06, 0x06, 0xce, 0xc6, 0xe0, 0xe0,
    0x00, 0x00, 0xc0, 0xe0, 0x60, 0x80, 0xc0, 0xe7, 0xe0, 0xc0, 0x47, 0xe4, 0xe0, 0x01, 0x00, 0x80,
    0xc0, 0x60, 0x20, 0xe0, 0xe0, 0x00, 0x80, 0xc0, 0xe0, 0xc0, 0xc0, 0x60, 0x60, 0x43, 0x0e, 0x38,
    0x60, 0xc3, 0x8f, 0x0c, 0x08, 0x8e, 0xc3, 0xe0, 0x78, 0x3e, 0x0f, 0x03, 0x00, 0x00, 0x00, 0x00,
    0x00, 0x00, 0x00, 0x08, 0x0c, 0x0f, 0x0f, 0x0b, 0x00, 0x00, 0x00, 0x00, 0x00, 0x0e, 0x0f, 0x0d,
    0x0c, 0x06, 0x0f, 0x0c, 0x04, 0x08, 0x0e, 0x0f, 0x01, 0x00, 0x0e, 0x0f, 0x09, 0x00, 0x07, 0x0f,
    0x0b, 0x0b, 0x09, 0x0d, 0x00, 0x00, 0x08, 0x0e, 0x0f, 0x03, 0x00, 0x00, 0x00, 0x00, 0x00, 0x00,
    0x00, 0x00, 0x0f, 0x08, 0x08, 0x0f, 0x0f, 0x00, 0x00, 0x00, 0x00, 0x00, 0x00, 0x00, 0x00, 0x00,
  },
};

static const uint8_t PICOPRO_SELECTOR_WAVETABLE_ICON_FRAMES[][PICOPRO_SELECTOR_ICON_FRAME_BYTES] = {
  { // frame 1
    0x00, 0x00, 0x00, 0x00, 0x00, 0x00, 0x00, 0xc0, 0x60, 0x20, 0x30, 0x10, 0x18, 0x08, 0x08, 0x18,
    0x30, 0x20, 0xe0, 0x80, 0x00, 0x00, 0x00, 0x00, 0x00, 0x00, 0x00, 0x00, 0x00, 0x00, 0x00, 0x00,
    0x00, 0x00, 0x00, 0x00, 0x00, 0x00, 0xe0, 0x30, 0x18, 0x08, 0x18, 0x30, 0x60, 0xc0, 0x00, 0x00,
    0x00, 0x00, 0x00, 0x00, 0x00, 0x00, 0x00, 0x00, 0x00, 0x00, 0x80, 0xf8, 0x08, 0x00, 0x00, 0x00,
    0x00, 0x00, 0x00, 0x60, 0x38, 0x0e, 0x03, 0x01, 0x00, 0x00, 0x00, 0x00, 0x00, 0x00, 0x00, 0x00,
    0x00, 0x00, 0x00, 0x01, 0x07, 0x3c, 0xe0, 0x80, 0x00, 0x00, 0x00, 0x00, 0x00, 0x00, 0x00, 0x00,
    0x00, 0x00, 0x00, 0x00, 0xf8, 0x0f, 0x01, 0x00, 0x00, 0x00, 0x00, 0x00, 0x00, 0x07, 0xfc, 0x00,
    0x00, 0x00, 0x00, 0x00, 0x00, 0x00, 0x00, 0x00, 0xe0, 0x3e, 0x03, 0x00, 0x00, 0x00, 0x00, 0x00,
    0x00, 0x00, 0x00, 0x02, 0xfe, 0xfe, 0x02, 0xc2, 0x70, 0x38, 0xfe, 0xfe, 0x00, 0xc0, 0x72, 0x3e,
    0x06, 0x82, 0xc0, 0xe0, 0x60, 0xe0, 0xe0, 0x07, 0x4c, 0x40, 0x60, 0xe0, 0x60, 0x00, 0xc0, 0xe0,
    0x60, 0x00, 0x80, 0xce, 0x63, 0x20, 0xe0, 0xe0, 0x00, 0x00, 0x00, 0x00, 0x00, 0x00, 0x0f, 0xf8,
    0x80, 0x00, 0x00, 0x00, 0x00, 0x00, 0xe0, 0x3c, 0x07, 0x00, 0x00, 0x00, 0x00, 0x00, 0x00, 0x00,
    0x00, 0x00, 0x00, 0x0f, 0x0f, 0x0f, 0x03, 0x01, 0x00, 0x08, 0x0f, 0x0f, 0x03, 0x01, 0x00, 0x00,
    0x0e, 0x0f, 0x09, 0x0c, 0x06, 0x0f, 0x0d, 0x08, 0x00, 0x0e, 0x0f, 0x09, 0x0c, 0x06, 0x07, 0x01,
    0x00, 0x07, 0x0f, 0x0b, 0x0b, 0x09, 0x0d, 0x00, 0x00, 0x0c, 0x0c, 0x00, 0x00, 0x00, 0x00, 0x00,
    0x03, 0x06, 0x0c, 0x08, 0x0e, 0x03, 0x01, 0x00, 0x00, 0x00, 0x00, 0x00, 0x00, 0x00, 0x00, 0x00,
  },
  { // frame 2
    0x00, 0x00, 0x00, 0x00, 0x00, 0x00, 0xc0, 0x70, 0x18, 0x08, 0x08, 0x08, 0x08, 0x08, 0x08, 0x08,
    0x08, 0x08, 0x08, 0x18, 0x30, 0xe0, 0x80, 0x00, 0x00, 0x00, 0x00, 0x00, 0x00, 0x00, 0x00, 0x00,
    0x00, 0x00, 0x00, 0x00, 0x00, 0xf0, 0x10, 0x18, 0x08, 0x08, 0x08, 0x08, 0x18, 0x10, 0xf0, 0x00,
    0x00, 0x00, 0x00, 0x00, 0x00, 0x00, 0x00, 0x00, 0xc0, 0x70, 0x18, 0x08, 0x00, 0x00, 0x00, 0x00,
    0x00, 0x00, 0x00, 0x00, 0x70, 0x1f, 0x01, 0x00, 0x00, 0x00, 0x00, 0x00, 0x00, 0x00, 0x00, 0x00,
    0x00, 0x00, 0x00, 0x00, 0x00, 0x00, 0x03, 0xfe, 0x00, 0x00, 0x00, 0x00, 0x00, 0x00, 0x00, 0x00,
    0x00, 0x00, 0x00, 0x00, 0xf8, 0x0f, 0x00, 0x00, 0x00, 0x00, 0x00, 0x00, 0x00, 0x00, 0xff, 0x00,
    0x00, 0x00, 0x00, 0x00, 0x00, 0x00, 0x00, 0x00, 0xff, 0x00, 0x00, 0x00, 0x00, 0x00, 0x00, 0x00,
    0x00, 0x00, 0x00, 0x02, 0xfe, 0xfe, 0x02, 0xc2, 0x70, 0x38, 0xfe, 0xfe, 0x00, 0xc0, 0x72, 0x3e,
    0x06, 0x82, 0xc0, 0xe0, 0x60, 0xe0, 0xe0, 0x0f, 0x40, 0x40, 0x60, 0xe0, 0x60, 0x00, 0xc0, 0xe0,
    0x60, 0x00, 0x80, 0xc0, 0x6f, 0x20, 0xe0, 0xe0, 0x00, 0x00, 0x00, 0x00, 0x00, 0x00, 0xff, 0x00,
    0x00, 0x00, 0x00, 0x00, 0x00, 0x00, 0x00, 0xf0, 0x1f, 0x00, 0x00, 0x00, 0x00, 0x00, 0x00, 0x00,
    0x00, 0x00, 0x00, 0x0f, 0x0f, 0x0f, 0x03, 0x01, 0x00, 0x08, 0x0f, 0x0f, 0x03, 0x01, 0x00, 0x00,
    0x0e, 0x0f, 0x09, 0x0c, 0x06, 0x0f, 0x0d, 0x08, 0x00, 0x0e, 0x0f, 0x09, 0x0c, 0x06, 0x07, 0x01,
    0x00, 0x07, 0x0f, 0x0b, 0x0b, 0x09, 0x0d, 0x00, 0x00, 0x0c, 0x0c, 0x00, 0x00, 0x00, 0x07, 0x0c,
    0x08, 0x08, 0x08, 0x08, 0x08, 0x08, 0x0e, 0x03, 0x00, 0x00, 0x00, 0x00, 0x00, 0x00, 0x00, 0x00,
  },
  { // frame 3
    0x00, 0x00, 0x00, 0x00, 0x80, 0xe0, 0x38, 0x08, 0x08, 0x08, 0x08, 0x08, 0x08, 0x08, 0x08, 0x08,
    0x08, 0x08, 0x08, 0x18, 0x70, 0xc0, 0x00, 0x00, 0x00, 0x00, 0x00, 0x00, 0x00, 0x00, 0x00, 0x00,
    0x00, 0x00, 0x00, 0x00, 0xf0, 0x18, 0x08, 0x08, 0x08, 0x08, 0x08, 0x08, 0x78, 0xc0, 0x00, 0x00,
    0x00, 0x00, 0x00, 0x00, 0x00, 0x00, 0x80, 0xf0, 0x18, 0x08, 0x08, 0xf8, 0xc0, 0x00, 0x00, 0x00,
    0x00, 0x00, 0x00, 0x00, 0x3f, 0x00, 0x00, 0x00, 0x00, 0x00, 0x00, 0x00, 0x00, 0x00, 0x00, 0x00,
    0x00, 0x00, 0x00, 0x00, 0x00, 0x01, 0x07, 0xfc, 0x00, 0x00, 0x00, 0x00, 0x00, 0x00, 0x00, 0x00,
    0x00, 0x00, 0x00, 0x00, 0xff, 0x00, 0x00, 0x00, 0x00, 0x00, 0x00, 0x00, 0x00, 0xff, 0x00, 0x00,
    0x00, 0x00, 0x00, 0x00, 0x00, 0x00, 0xff, 0x00, 0x00, 0x00, 0x00, 0x00, 0xff, 0x00, 0x00, 0x00,
    0x00, 0x00, 0x00, 0x02, 0xfe, 0xfe, 0x02, 0xc2, 0x70, 0x38, 0xfe, 0xfe, 0x00, 0xc0, 0x72, 0x3e,
    0x06, 0x82, 0xc0, 0xe0, 0x60, 0xe0, 0xe0, 0x0f, 0x40, 0x40, 0x60, 0xe0, 0x60, 0x00, 0xc0, 0xe0,
    0x60, 0x00, 0x80, 0xc0, 0x6f, 0x20, 0xe0, 0xe0, 0x00, 0x00, 0x00, 0x00, 0x00, 0xff, 0x80, 0x00,
    0x00, 0x00, 0x00, 0x00, 0x00, 0xe0, 0x3f, 0x00, 0x00, 0x00, 0x00, 0x00, 0xff, 0x00, 0x00, 0x00,
    0x00, 0x00, 0x00, 0x0f, 0x0f, 0x0f, 0x03, 0x01, 0x00, 0x08, 0x0f, 0x0f, 0x03, 0x01, 0x00, 0x00,
    0x0e, 0x0f, 0x09, 0x0c, 0x06, 0x0f, 0x0d, 0x08, 0x00, 0x0e, 0x0f, 0x09, 0x0c, 0x06, 0x07, 0x01,
    0x00, 0x07, 0x0f, 0x0b, 0x0b, 0x09, 0x0d, 0x00, 0x00, 0x0c, 0x0c, 0x00, 0x00, 0x00, 0x07, 0x0c,
    0x08, 0x08, 0x08, 0x08, 0x08, 0x0f, 0x00, 0x00, 0x00, 0x00, 0x00, 0x00, 0x0f, 0x00, 0x00, 0x00,
  },
  { // frame 4
    0x00, 0x00, 0x00, 0x00, 0xe0, 0x38, 0x08, 0x08, 0x08, 0x08, 0x08, 0x08, 0x08, 0x08, 0x08, 0x08,
    0x08, 0x08, 0x08, 0x18, 0x30, 0xe0, 0x80, 0x00, 0x00, 0x00, 0x00, 0x00, 0x00, 0x00, 0x00, 0x00,
    0x00, 0x00, 0x00, 0xc0, 0x70, 0x18, 0x08, 0x08, 0x08, 0x08, 0xf8, 0x80, 0x00, 0x00, 0x00, 0x00,
    0x00, 0x00, 0x00, 0x00, 0xc0, 0x78, 0x08, 0x18, 0x30, 0xe0, 0x00, 0x00, 0x00, 0x00, 0x00, 0x00,
    0x00, 0x00, 0x00, 0x00, 0x3f, 0x00, 0x00, 0x00, 0x00, 0x00, 0x00, 0x00, 0x00, 0x00, 0x00, 0x00,
    0x00, 0x00, 0x00, 0x00, 0x00, 0x00, 0xff, 0x00, 0x00, 0x00, 0x00, 0x00, 0x00, 0x00, 0x00, 0x00,
    0x00, 0x00, 0x00, 0xff, 0x00, 0x00, 0x00, 0x00, 0x00, 0x00, 0x00, 0xff, 0x00, 0x00, 0x00, 0x00,
    0x00, 0x00, 0x00, 0xe0, 0x7f, 0x00, 0x00, 0x00, 0x00, 0xff, 0x00, 0x00, 0x00, 0x00, 0x00, 0x00,
    0x00, 0x00, 0x00, 0x02, 0xfe, 0xfe, 0x02, 0xc2, 0x70, 0x38, 0xfe, 0xfe, 0x00, 0xc0, 0x72, 0x3e,
    0x06, 0x82, 0xc0, 0xe0, 0x60, 0xe0, 0xef, 0x00, 0x40, 0x40, 0x60, 0xe0, 0x60, 0x00, 0xc0, 0xe0,
    0x60, 0x00, 0x80, 0xcf, 0x60, 0x20, 0xe0, 0xe0, 0x00, 0x00, 0x00, 0xff, 0x80, 0x00, 0x00, 0x00,
    0x00, 0x00, 0x00, 0xff, 0x00, 0x00, 0x00, 0x00, 0x00, 0xff, 0x00, 0x00, 0x00, 0x00, 0x00, 0x00,
    0x00, 0x00, 0x00, 0x0f, 0x0f, 0x0f, 0x03, 0x01, 0x00, 0x08, 0x0f, 0x0f, 0x03, 0x01, 0x00, 0x00,
    0x0e, 0x0f, 0x09, 0x0c, 0x06, 0x0f, 0x0d, 0x08, 0x00, 0x0e, 0x0f, 0x09, 0x0c, 0x06, 0x07, 0x01,
    0x00, 0x07, 0x0f, 0x0b, 0x0b, 0x09, 0x0d, 0x00, 0x00, 0x0c, 0x0c, 0x00, 0x03, 0x0e, 0x08, 0x08,
    0x08, 0x08, 0x0e, 0x03, 0x00, 0x00, 0x00, 0x00, 0x00, 0x03, 0x06, 0x0c, 0x08, 0x00, 0x00, 0x00,
  },
  { // frame 5
    0x00, 0x00, 0x00, 0x00, 0x00, 0x00, 0xc0, 0x60, 0x38, 0x08, 0x08, 0x08, 0x08, 0x08, 0x08, 0x08,
    0x18, 0x10, 0x30, 0xe0, 0x80, 0x00, 0x00, 0x00, 0x00, 0x00, 0x00, 0x00, 0x00, 0x00, 0x00, 0x00,
    0x00, 0x00, 0x80, 0xf8, 0x08, 0x08, 0x08, 0x18, 0xf0, 0x00, 0x00, 0x00, 0x00, 0x00, 0x00, 0x00,
    0x00, 0x00, 0x00, 0xf8, 0x08, 0xf8, 0x80, 0x00, 0x00, 0x00, 0x00, 0x00, 0xf8, 0x08, 0x00, 0x00,
    0x00, 0x00, 0x00, 0x00, 0x3c, 0x06, 0x03, 0x00, 0x00, 0x00, 0x00, 0x00, 0x00, 0x00, 0x00, 0x00,
    0x00, 0x00, 0x00, 0x00, 0x3f, 0xe0, 0x00, 0x00, 0x00, 0x00, 0x00, 0x00, 0x00, 0x00, 0x00, 0x00,
    0x00, 0xf0, 0x1f, 0x00, 0x00, 0x00, 0x00, 0x00, 0x03, 0x3e, 0xe0, 0x00, 0x00, 0x00, 0x00, 0x00,
    0x00, 0x80, 0xfe, 0x03, 0x00, 0x00, 0x0f, 0xf8, 0x00, 0x00, 0x00, 0xf0, 0x1f, 0x00, 0x00, 0x00,
    0x00, 0x00, 0x00, 0x02, 0xfe, 0xfe, 0x02, 0xc2, 0x70, 0x38, 0xfe, 0xfe, 0x00, 0xc0, 0x72, 0x3e,
    0x06, 0x82, 0xc0, 0xe0, 0x60, 0xef, 0xe8, 0x00, 0x40, 0x40, 0x60, 0xe0, 0x60, 0x00, 0xc0, 0xe0,
    0x6e, 0x03, 0x80, 0xc0, 0x60, 0x20, 0xe0, 0xe0, 0x00, 0x00, 0x03, 0x3e, 0xe0, 0x00, 0x00, 0x00,
    0xc0, 0x7f, 0x00, 0x00, 0x00, 0x00, 0x00, 0x01, 0x3f, 0xe0, 0x80, 0xff, 0x00, 0x00, 0x00, 0x00,
    0x00, 0x00, 0x00, 0x0f, 0x0f, 0x0f, 0x03, 0x01, 0x00, 0x08, 0x0f, 0x0f, 0x03, 0x01, 0x00, 0x00,
    0x0e, 0x0f, 0x09, 0x0c, 0x06, 0x0f, 0x0d, 0x08, 0x00, 0x0e, 0x0f, 0x09, 0x0c, 0x06, 0x07, 0x01,
    0x00, 0x07, 0x0f, 0x0b, 0x0b, 0x09, 0x0d, 0x00, 0x00, 0x0c, 0x0c, 0x00, 0x0f, 0x08, 0x08, 0x08,
    0x0f, 0x00, 0x00, 0x00, 0x00, 0x00, 0x00, 0x00, 0x00, 0x00, 0x0f, 0x00, 0x00, 0x00, 0x00, 0x00,
  },
  { // frame 6
    0x00, 0x00, 0x00, 0x00, 0x00, 0x00, 0x00, 0x80, 0xe0, 0x30, 0x18, 0x08, 0x08, 0x08, 0x08, 0x18,
    0xf0, 0x80, 0x00, 0x00, 0x00, 0x00, 0x00, 0x00, 0x00, 0x00, 0x00, 0x00, 0x00, 0x00, 0x00, 0x00,
    0x00, 0x80, 0xf8, 0x08, 0x08, 0x08, 0x78, 0xc0, 0x00, 0x00, 0x00, 0x00, 0x00, 0x00, 0x00, 0x00,
    0x00, 0x00, 0x00, 0xf0, 0x18, 0xf0, 0x00, 0x00, 0x00, 0x00, 0xc0, 0x78, 0xc0, 0x00, 0x00, 0x00,
    0x00, 0x00, 0x00, 0x00, 0x38, 0x0e, 0x03, 0x01, 0x00, 0x00, 0x00, 0x00, 0x00, 0x00, 0x00, 0x00,
    0x00, 0x07, 0x3c, 0xe0, 0x00, 0x00, 0x00, 0x00, 0x00, 0x00, 0x00, 0x00, 0x00, 0x00, 0x00, 0xe0,
    0x38, 0x0f, 0x00, 0x00, 0x00, 0x00, 0x00, 0x07, 0x7c, 0xc0, 0x00, 0x00, 0x00, 0x00, 0x00, 0x00,
    0x00, 0x80, 0xfe, 0x03, 0x00, 0x7f, 0xc0, 0x00, 0x00, 0xe0, 0x3f, 0x00, 0xff, 0x00, 0x00, 0x00,
    0x00, 0x00, 0x00, 0x02, 0xfe, 0xfe, 0x02, 0xc2, 0x70, 0x38, 0xfe, 0xfe, 0x00, 0xc0, 0x72, 0x3e,
    0x06, 0x82, 0xc0, 0xe1, 0x6f, 0xe8, 0xe0, 0x00, 0x40, 0x40, 0x60, 0xe0, 0x60, 0x00, 0xcf, 0xe1,
    0x60, 0x00, 0x80, 0xc0, 0x60, 0x20, 0xe0, 0xe0, 0x00, 0x07, 0x3c, 0xe0, 0x00, 0x00, 0x00, 0xe0,
    0x3e, 0x03, 0x00, 0x00, 0x00, 0x00, 0x3f, 0xe0, 0xe0, 0x3f, 0x00, 0x00, 0xff, 0x00, 0x00, 0x00,
    0x00, 0x00, 0x00, 0x0f, 0x0f, 0x0f, 0x03, 0x01, 0x00, 0x08, 0x0f, 0x0f, 0x03, 0x01, 0x00, 0x00,
    0x0e, 0x0f, 0x09, 0x0c, 0x06, 0x0f, 0x0d, 0x08, 0x00, 0x0e, 0x0f, 0x09, 0x0c, 0x06, 0x07, 0x01,
    0x00, 0x07, 0x0f, 0x0b, 0x0b, 0x09, 0x0d, 0x00, 0x00, 0x0c, 0x0c, 0x03, 0x0e, 0x08, 0x0e, 0x03,
    0x00, 0x00, 0x00, 0x00, 0x00, 0x00, 0x00, 0x0f, 0x0f, 0x00, 0x00, 0x00, 0x0f, 0x00, 0x00, 0x00,
  },
  { // frame 7
    0x00, 0x00, 0x00, 0x00, 0x00, 0x00, 0x80, 0xe0, 0x38, 0x08, 0x08, 0x08, 0x38, 0xe0, 0x00, 0x00,
    0x00, 0x00, 0x00, 0x00, 0x00, 0x00, 0x00, 0x00, 0x00, 0x00, 0x00, 0x00, 0x00, 0x00, 0x00, 0x00,
    0xc0, 0x78, 0x08, 0x08, 0x08, 0xf8, 0x80, 0x00, 0x00, 0x00, 0x00, 0x00, 0x00, 0x00, 0x00, 0x00,
    0x80, 0xc0, 0xf8, 0x80, 0x00, 0x00, 0x00, 0x00, 0x00, 0xf8, 0x00, 0x00, 0x00, 0x00, 0x00, 0x00,
    0x00, 0x00, 0x00, 0x20, 0x3c, 0x06, 0x03, 0x00, 0x00, 0x00, 0x00, 0x00, 0x00, 0x01, 0x07, 0x3c,
    0xe0, 0x80, 0x00, 0x00, 0x00, 0x00, 0x00, 0x00, 0x00, 0x00, 0x00, 0x80, 0xe0, 0x30, 0x1c, 0x07,
    0x01, 0x00, 0x00, 0x00, 0x00, 0x00, 0x7f, 0xc0, 0x00, 0x00, 0x00, 0x00, 0x00, 0x00, 0xc0, 0x78,
    0x0f, 0x00, 0x00, 0x7f, 0xc0, 0x00, 0x00, 0xf8, 0x0e, 0x03, 0xfe, 0x00, 0x00, 0x00, 0x00, 0x00,
    0x00, 0x00, 0x00, 0x02, 0xfe, 0xfe, 0x02, 0xc2, 0x70, 0x38, 0xfe, 0xfe, 0x00, 0xc0, 0x72, 0x3e,
    0x06, 0x82, 0xc0, 0xe0, 0x60, 0xe0, 0xe0, 0x00, 0x40, 0x48, 0x6e, 0xe3, 0x60, 0x00, 0xc0, 0xe0,
    0x60, 0x00, 0x80, 0xc0, 0x60, 0x20, 0xe0, 0xe1, 0x0f, 0xe0, 0x00, 0x80, 0xf0, 0x1e, 0x03, 0x00,
    0x00, 0x00, 0x00, 0x00, 0x3f, 0x60, 0xc0, 0x7f, 0x00, 0x00, 0x03, 0xfe, 0x00, 0x00, 0x00, 0x00,
    0x00, 0x00, 0x00, 0x0f, 0x0f, 0x0f, 0x03, 0x01, 0x00, 0x08, 0x0f, 0x0f, 0x03, 0x01, 0x00, 0x00,
    0x0e, 0x0f, 0x09, 0x0c, 0x06, 0x0f, 0x0d, 0x08, 0x00, 0x0e, 0x0f, 0x09, 0x0c, 0x06, 0x07, 0x01,
    0x00, 0x07, 0x0f, 0x0b, 0x0b, 0x09, 0x0d, 0x00, 0x00, 0x0d, 0x0c, 0x01, 0x00, 0x00, 0x00, 0x00,
    0x00, 0x00, 0x00, 0x00, 0x00, 0x00, 0x0f, 0x00, 0x00, 0x00, 0x00, 0x03, 0x0e, 0x00, 0x00, 0x00,
  },
  { // frame 8
    0x00, 0x00, 0x00, 0x00, 0x00, 0x80, 0xf0, 0x18, 0x08, 0x18, 0xf0, 0x80, 0x00, 0x00, 0x00, 0x00,
    0x00, 0x00, 0x00, 0x00, 0x00, 0x00, 0x00, 0x00, 0x00, 0x00, 0x00, 0x00, 0x00, 0xc0, 0x70, 0x18,
    0x70, 0xc0, 0x00, 0x00, 0x00, 0x00, 0x00, 0x00, 0x00, 0x00, 0x00, 0x00, 0x00, 0x00, 0xc0, 0x78,
    0xc0, 0x00, 0x00, 0x00, 0x00, 0x00, 0x00, 0xf8, 0x00, 0x00, 0x00, 0x00, 0x00, 0x00, 0x00, 0x00,
    0x00, 0x00, 0x00, 0x60, 0x3c, 0x07, 0x00, 0x00, 0x00, 0x00, 0x00, 0x03, 0x1e, 0x70, 0xc0, 0x00,
    0x00, 0x00, 0x00, 0x00, 0x00, 0x00, 0x00, 0x00, 0x00, 0xc0, 0x70, 0x1c, 0x07, 0x01, 0x00, 0x00,
    0x00, 0x01, 0x0f, 0x78, 0xc0, 0x00, 0x00, 0x00, 0x00, 0x00, 0x00, 0x00, 0x80, 0xfe, 0x03, 0x00,
    0x03, 0xfe, 0x00, 0x00, 0x00, 0xf8, 0x0f, 0x01, 0xff, 0x80, 0x00, 0x00, 0x80, 0x00, 0x00, 0x00,
    0x00, 0x00, 0x00, 0x02, 0xfe, 0xfe, 0x02, 0xc2, 0x70, 0x38, 0xfe, 0xfe, 0x00, 0xc0, 0x72, 0x3e,
    0x06, 0x82, 0xc0, 0xe0, 0x60, 0xe0, 0xe0, 0x08, 0x4f, 0x41, 0x60, 0xe0, 0x60, 0x00, 0xc0, 0xe0,
    0x60, 0x00, 0x80, 0xc0, 0x61, 0x27, 0xec, 0xe0, 0x00, 0x00, 0x00, 0xf8, 0x0f, 0x00, 0x00, 0x00,
    0x00, 0x01, 0x0f, 0xf8, 0x80, 0xff, 0x00, 0x00, 0x00, 0xff, 0x80, 0xf8, 0x0f, 0x00, 0x00, 0x00,
    0x00, 0x00, 0x00, 0x0f, 0x0f, 0x0f, 0x03, 0x01, 0x00, 0x08, 0x0f, 0x0f, 0x03, 0x01, 0x00, 0x00,
    0x0e, 0x0f, 0x09, 0x0c, 0x06, 0x0f, 0x0d, 0x08, 0x00, 0x0e, 0x0f, 0x09, 0x0c, 0x06, 0x07, 0x01,
    0x00, 0x07, 0x0f, 0x0b, 0x0b, 0x09, 0x0d, 0x00, 0x00, 0x0c, 0x0c, 0x00, 0x00, 0x00, 0x00, 0x00,
    0x00, 0x00, 0x00, 0x00, 0x0f, 0x00, 0x00, 0x00, 0x00, 0x00, 0x0f, 0x00, 0x00, 0x00, 0x00, 0x00,
  },
  { // frame 9
    0x00, 0x00, 0x00, 0x00, 0x00, 0xc0, 0x60, 0x30, 0x18, 0x30, 0xe0, 0x00, 0x00, 0x00, 0x00, 0x00,
    0x00, 0x00, 0x00, 0x00, 0x00, 0x00, 0x00, 0x00, 0x00, 0x00, 0x00, 0x00, 0x00, 0xc0, 0x60, 0x38,
    0xe0, 0x00, 0x00, 0x00, 0x00, 0x00, 0x00, 0x00, 0x00, 0x00, 0x00, 0x00, 0xc0, 0x40, 0x78, 0xc0,
    0x00, 0x00, 0x00, 0x00, 0x00, 0xf8, 0x00, 0x00, 0x00, 0x00, 0x00, 0xf8, 0x00, 0x00, 0x00, 0x00,
    0x00, 0x00, 0x00, 0x78, 0x0e, 0x03, 0x00, 0x00, 0x00, 0x00, 0x01, 0x07, 0x1c, 0x70, 0xc0, 0x00,
    0x00, 0x00, 0x00, 0x00, 0x00, 0x00, 0x00, 0x00, 0x00, 0xc0, 0x70, 0x1c, 0x07, 0x01, 0x00, 0x00,
    0x01, 0x0f, 0x78, 0xc0, 0x00, 0x00, 0x00, 0x00, 0x00, 0x00, 0xc0, 0x7c, 0x07, 0x00, 0x00, 0x7f,
    0xc0, 0x00, 0x00, 0xe0, 0x3e, 0x03, 0xfe, 0x80, 0x00, 0xf0, 0x18, 0xff, 0x00, 0x00, 0x00, 0x00,
    0x00, 0x00, 0x00, 0x02, 0xfe, 0xfe, 0x02, 0xc2, 0x70, 0x38, 0xfe, 0xfe, 0x00, 0xc0, 0x72, 0x3e,
    0x06, 0x82, 0xc0, 0xe0, 0x60, 0xe0, 0xe8, 0x0e, 0x43, 0x41, 0x60, 0xe0, 0x60, 0x00, 0xc0, 0xe0,
    0x60, 0x00, 0x80, 0xcf, 0x68, 0x20, 0xe0, 0xe0, 0x00, 0x0e, 0x03, 0x00, 0x00, 0x00, 0x00, 0x00,
    0xff, 0x80, 0xf0, 0x1f, 0x00, 0x00, 0x00, 0x7f, 0xc0, 0x7f, 0x00, 0x01, 0xff, 0x00, 0x00, 0x00,
    0x00, 0x00, 0x00, 0x0f, 0x0f, 0x0f, 0x03, 0x01, 0x00, 0x08, 0x0f, 0x0f, 0x03, 0x01, 0x00, 0x00,
    0x0e, 0x0f, 0x09, 0x0c, 0x06, 0x0f, 0x0d, 0x08, 0x00, 0x0e, 0x0f, 0x09, 0x0c, 0x06, 0x07, 0x01,
    0x00, 0x07, 0x0f, 0x0b, 0x0b, 0x09, 0x0d, 0x00, 0x00, 0x0c, 0x0c, 0x00, 0x00, 0x00, 0x00, 0x00,
    0x00, 0x0f, 0x00, 0x00, 0x00, 0x00, 0x00, 0x00, 0x0f, 0x00, 0x00, 0x00, 0x0f, 0x00, 0x00, 0x00,
  },
};

static const uint8_t PICOPRO_SELECTOR_GRAIN_ICON_FRAMES[][PICOPRO_SELECTOR_ICON_FRAME_BYTES] = {
  { // frame 1
    0x00, 0x00, 0x00, 0x00, 0x00, 0x00, 0x00, 0x00, 0x00, 0x00, 0x00, 0xc0, 0x00, 0x00, 0x00, 0x00,
    0x00, 0x80, 0x00, 0x00, 0x00, 0x80, 0x00, 0x00, 0x00, 0x00, 0x00, 0x80, 0x00, 0xf8, 0x00, 0x00,
    0x00, 0x00, 0x00, 0xe0, 0x00, 0x00, 0x00, 0xc0, 0x00, 0x00, 0x00, 0x00, 0x00, 0x00, 0x00, 0x80,
    0x00, 0x00, 0x00, 0x00, 0x00, 0x80, 0x00, 0xc0, 0x00, 0xf8, 0x00, 0x00, 0x00, 0x00, 0x00, 0x00,
    0x00, 0x00, 0x00, 0xe0, 0x00, 0xf0, 0x00, 0xf8, 0x00, 0xfe, 0x00, 0xff, 0x00, 0xfc, 0x00, 0xf0,
    0x00, 0xff, 0x00, 0xfc, 0x00, 0xff, 0x00, 0xe0, 0x00, 0xf8, 0x00, 0xff, 0x00, 0xff, 0x00, 0xfe,
    0x00, 0xfc, 0x00, 0xff, 0x00, 0xfe, 0x00, 0xff, 0x00, 0xfc, 0x00, 0xfe, 0x00, 0xff, 0x00, 0xff,
    0x00, 0xf8, 0x00, 0xfc, 0x00, 0xff, 0x00, 0xff, 0x00, 0xff, 0x00, 0xfe, 0x00, 0x00, 0x00, 0x00,
    0x00, 0x00, 0x00, 0xc3, 0xf0, 0xf9, 0x1c, 0x0e, 0x06, 0x02, 0x82, 0x86, 0x9c, 0x9e, 0x00, 0x47,
    0xe0, 0xef, 0xc0, 0x4f, 0x60, 0x6f, 0x00, 0x8f, 0xc0, 0x6f, 0x60, 0xef, 0xe0, 0x2f, 0x00, 0x4f,
    0xe0, 0xe6, 0x06, 0x40, 0x40, 0xef, 0xe0, 0xcf, 0x40, 0xef, 0xe0, 0x0f, 0x00, 0x7f, 0x00, 0xff,
    0x00, 0x0f, 0x00, 0x3f, 0x00, 0xff, 0x00, 0xff, 0x00, 0xff, 0x00, 0x3f, 0x00, 0x00, 0x00, 0x00,
    0x00, 0x00, 0x00, 0x01, 0x07, 0x0f, 0x0c, 0x08, 0x08, 0x08, 0x0c, 0x0f, 0x03, 0x00, 0x00, 0x0e,
    0x07, 0x01, 0x00, 0x00, 0x00, 0x00, 0x0f, 0x0f, 0x08, 0x0c, 0x06, 0x0f, 0x0f, 0x08, 0x00, 0x0e,
    0x0f, 0x09, 0x00, 0x08, 0x0e, 0x0f, 0x01, 0x00, 0x0e, 0x0f, 0x0b, 0x00, 0x00, 0x00, 0x00, 0x00,
    0x00, 0x00, 0x00, 0x00, 0x00, 0x00, 0x00, 0x01, 0x00, 0x0f, 0x00, 0x00, 0x00, 0x00, 0x00, 0x00,
  },
  { // frame 2
    0x00, 0x00, 0x00, 0x00, 0xf8, 0x00, 0x00, 0x00, 0x00, 0x00, 0x00, 0x00, 0x00, 0x00, 0x00, 0x00,
    0x00, 0x00, 0x00, 0x00, 0x00, 0xc0, 0x00, 0x00, 0x00, 0x00, 0x00, 0x00, 0x00, 0xe0, 0x00, 0x80,
    0x00, 0x00, 0x00, 0xc0, 0x00, 0x00, 0x00, 0xe0, 0x00, 0x00, 0x00, 0x00, 0x00, 0x00, 0x00, 0x00,
    0x00, 0x00, 0x00, 0x00, 0x00, 0x00, 0x00, 0x00, 0x00, 0xc0, 0x00, 0x80, 0x00, 0x00, 0x00, 0x00,
    0x00, 0x00, 0x00, 0xe0, 0xff, 0xf8, 0x00, 0xf0, 0x00, 0xf8, 0x00, 0xff, 0x00, 0xf8, 0x00, 0xf8,
    0x00, 0xff, 0x00, 0xfe, 0x00, 0xff, 0x00, 0xf0, 0x00, 0xf0, 0x00, 0xfe, 0x00, 0xff, 0x00, 0xff,
    0x00, 0xff, 0x00, 0xff, 0x00, 0xff, 0x00, 0xff, 0x00, 0xff, 0x00, 0xff, 0x00, 0xfe, 0x00, 0xfc,
    0x00, 0xe0, 0x00, 0xf0, 0x00, 0xfe, 0x00, 0xff, 0x00, 0xff, 0x00, 0xff, 0x00, 0x00, 0x00, 0x00,
    0x00, 0x00, 0x00, 0xc3, 0xf3, 0xf9, 0x1c, 0x0e, 0x06, 0x02, 0x82, 0x86, 0x9c, 0x9e, 0x00, 0x47,
    0xe0, 0xef, 0xc0, 0x4f, 0x60, 0x6f, 0x00, 0x8f, 0xc0, 0x6f, 0x60, 0xef, 0xe0, 0x2f, 0x00, 0x4f,
    0xe0, 0xe6, 0x06, 0x40, 0x40, 0xef, 0xe0, 0xcf, 0x40, 0xef, 0xe0, 0x0f, 0x00, 0x3f, 0x00, 0x1f,
    0x00, 0x03, 0x00, 0x07, 0x00, 0x3f, 0x00, 0x7f, 0x00, 0xff, 0x00, 0xff, 0x00, 0x00, 0x00, 0x00,
    0x00, 0x00, 0x00, 0x01, 0x07, 0x0f, 0x0c, 0x08, 0x08, 0x08, 0x0c, 0x0f, 0x03, 0x00, 0x00, 0x0e,
    0x07, 0x01, 0x00, 0x00, 0x00, 0x00, 0x0f, 0x0f, 0x08, 0x0c, 0x06, 0x0f, 0x0f, 0x08, 0x00, 0x0e,
    0x0f, 0x09, 0x00, 0x08, 0x0e, 0x0f, 0x01, 0x00, 0x0e, 0x0f, 0x0b, 0x00, 0x00, 0x00, 0x00, 0x00,
    0x00, 0x00, 0x00, 0x00, 0x00, 0x00, 0x00, 0x00, 0x00, 0x01, 0x00, 0x00, 0x00, 0x00, 0x00, 0x00,
  },
  { // frame 3
    0x00, 0x00, 0x00, 0x00, 0x00, 0x00, 0x00, 0x00, 0xf8, 0x00, 0x00, 0x00, 0x00, 0x00, 0x00, 0x00,
    0x00, 0x80, 0x00, 0x80, 0x00, 0xf0, 0x00, 0x00, 0x00, 0x00, 0x00, 0x00, 0x00, 0x00, 0x00, 0x00,
    0x00, 0x00, 0x00, 0x00, 0x00, 0x00, 0x00, 0x00, 0x00, 0x00, 0x00, 0x80, 0x00, 0x00, 0x00, 0x00,
    0x00, 0x00, 0x00, 0x00, 0x00, 0x00, 0x00, 0x00, 0x00, 0x00, 0x00, 0xe0, 0x00, 0x00, 0x00, 0x00,
    0x00, 0x00, 0x00, 0xc0, 0x00, 0xf8, 0x00, 0xf0, 0xff, 0xf0, 0x00, 0xff, 0x00, 0xf0, 0x00, 0xfc,
    0x00, 0xff, 0x00, 0xff, 0x00, 0xff, 0x00, 0xfc, 0x00, 0xe0, 0x00, 0xf8, 0x00, 0xfe, 0x00, 0xfe,
    0x00, 0xf8, 0x00, 0xfc, 0x00, 0xfc, 0x00, 0xff, 0x00, 0xfe, 0x00, 0xff, 0x00, 0xff, 0x00, 0xfe,
    0x00, 0xf8, 0x00, 0xe0, 0x00, 0xf0, 0x00, 0xfc, 0x00, 0xff, 0x00, 0xff, 0x00, 0x00, 0x00, 0x00,
    0x00, 0x00, 0x00, 0xc1, 0xf0, 0xf9, 0x1c, 0x0e, 0x06, 0x02, 0x82, 0x86, 0x9c, 0x9e, 0x00, 0x47,
    0xe0, 0xef, 0xc0, 0x4f, 0x60, 0x6f, 0x00, 0x8f, 0xc0, 0x6f, 0x60, 0xef, 0xe0, 0x2f, 0x00, 0x4f,
    0xe0, 0xe6, 0x06, 0x40, 0x40, 0xef, 0xe0, 0xcf, 0x40, 0xef, 0xe0, 0x0f, 0x00, 0x7f, 0x00, 0x3f,
    0x00, 0x0f, 0x00, 0x03, 0x00, 0x07, 0x00, 0x1f, 0x00, 0xff, 0x00, 0xff, 0x00, 0x00, 0x00, 0x00,
    0x00, 0x00, 0x00, 0x01, 0x07, 0x0f, 0x0c, 0x08, 0x08, 0x08, 0x0c, 0x0f, 0x03, 0x00, 0x00, 0x0e,
    0x07, 0x01, 0x00, 0x00, 0x00, 0x00, 0x0f, 0x0f, 0x08, 0x0c, 0x06, 0x0f, 0x0f, 0x08, 0x00, 0x0e,
    0x0f, 0x09, 0x00, 0x08, 0x0e, 0x0f, 0x01, 0x00, 0x0e, 0x0f, 0x0b, 0x00, 0x00, 0x00, 0x00, 0x00,
    0x00, 0x00, 0x00, 0x00, 0x00, 0x00, 0x00, 0x00, 0x00, 0x00, 0x00, 0x03, 0x00, 0x00, 0x00, 0x00,
  },
  { // frame 4
    0x00, 0x00, 0x00, 0x00, 0x00, 0x00, 0x00, 0x00, 0x00, 0x00, 0x00, 0x80, 0xf8, 0x00, 0x00, 0x00,
    0x00, 0x00, 0x00, 0x80, 0x00, 0xe0, 0x00, 0x00, 0x00, 0x00, 0x00, 0x00, 0x00, 0x00, 0x00, 0x00,
    0x00, 0x00, 0x00, 0x00, 0x00, 0x00, 0x00, 0xc0, 0x00, 0x80, 0x00, 0x00, 0x00, 0x00, 0x00, 0x00,
    0x00, 0x00, 0x00, 0x00, 0x00, 0x00, 0x00, 0x00, 0x00, 0x00, 0x00, 0x00, 0x00, 0x00, 0x00, 0x00,
    0x00, 0x00, 0x00, 0xe0, 0x00, 0xfc, 0x00, 0xfc, 0x00, 0xfe, 0x00, 0xff, 0xff, 0xe0, 0x00, 0xf0,
    0x00, 0xfe, 0x00, 0xff, 0x00, 0xff, 0x00, 0xff, 0x00, 0xf8, 0x00, 0xfc, 0x00, 0xfe, 0x00, 0xff,
    0x00, 0xfc, 0x00, 0xfe, 0x00, 0xff, 0x00, 0xff, 0x00, 0xff, 0x00, 0xfe, 0x00, 0xf8, 0x00, 0xf0,
    0x00, 0xe0, 0x00, 0xc0, 0x00, 0xf8, 0x00, 0xfe, 0x00, 0xf8, 0x00, 0xfc, 0x00, 0x00, 0x00, 0x00,
    0x00, 0x00, 0x00, 0xc1, 0xf0, 0xf9, 0x1c, 0x0e, 0x06, 0x02, 0x82, 0x86, 0x9c, 0x9e, 0x00, 0x47,
    0xe0, 0xef, 0xc0, 0x4f, 0x60, 0x6f, 0x00, 0x8f, 0xc0, 0x6f, 0x60, 0xef, 0xe0, 0x2f, 0x00, 0x4f,
    0xe0, 0xe6, 0x06, 0x40, 0x40, 0xef, 0xe0, 0xcf, 0x40, 0xef, 0xe0, 0x0f, 0x00, 0x0f, 0x00, 0x07,
    0x00, 0x03, 0x00, 0x01, 0x00, 0x0f, 0x00, 0x3f, 0x00, 0x1f, 0x00, 0x3f, 0x00, 0x00, 0x00, 0x00,
    0x00, 0x00, 0x00, 0x01, 0x07, 0x0f, 0x0c, 0x08, 0x08, 0x08, 0x0c, 0x0f, 0x03, 0x00, 0x00, 0x0e,
    0x07, 0x01, 0x00, 0x00, 0x00, 0x00, 0x0f, 0x0f, 0x08, 0x0c, 0x06, 0x0f, 0x0f, 0x08, 0x00, 0x0e,
    0x0f, 0x09, 0x00, 0x08, 0x0e, 0x0f, 0x01, 0x00, 0x0e, 0x0f, 0x0b, 0x00, 0x00, 0x00, 0x00, 0x00,
    0x00, 0x00, 0x00, 0x00, 0x00, 0x00, 0x00, 0x00, 0x00, 0x00, 0x00, 0x00, 0x00, 0x00, 0x00, 0x00,
  },
  { // frame 5
    0x00, 0x00, 0x00, 0x00, 0x00, 0x00, 0x00, 0x00, 0x00, 0x00, 0x00, 0xe0, 0x00, 0x00, 0x00, 0x00,
    0xf8, 0x00, 0x00, 0x00, 0x00, 0x00, 0x00, 0x00, 0x00, 0x00, 0x00, 0x00, 0x00, 0x00, 0x00, 0x00,
    0x00, 0x00, 0x00, 0x00, 0x00, 0x00, 0x00, 0xe0, 0x00, 0x00, 0x00, 0x00, 0x00, 0x80, 0x00, 0x00,
    0x00, 0x00, 0x00, 0x00, 0x00, 0x00, 0x00, 0x00, 0x00, 0x00, 0x00, 0x00, 0x00, 0x00, 0x00, 0x00,
    0x00, 0x00, 0x00, 0xf8, 0x00, 0xff, 0x00, 0xfe, 0x00, 0xff, 0x00, 0xff, 0x00, 0xf8, 0x00, 0xfe,
    0xff, 0xe0, 0x00, 0xfc, 0x00, 0xff, 0x00, 0xfe, 0x00, 0xfe, 0x00, 0xff, 0x00, 0xf8, 0x00, 0xe0,
    0x00, 0xf8, 0x00, 0xfe, 0x00, 0xfc, 0x00, 0xff, 0x00, 0xfe, 0x00, 0xff, 0x00, 0xff, 0x00, 0xfc,
    0x00, 0xf8, 0x00, 0xc0, 0x00, 0xe0, 0x00, 0xf8, 0x00, 0xe0, 0x00, 0xf8, 0x00, 0x00, 0x00, 0x00,
    0x00, 0x00, 0x00, 0xc1, 0xf0, 0xf9, 0x1c, 0x0e, 0x06, 0x02, 0x82, 0x86, 0x9c, 0x9e, 0x00, 0x47,
    0xe7, 0xef, 0xc0, 0x4f, 0x60, 0x6f, 0x00, 0x8f, 0xc0, 0x6f, 0x60, 0xef, 0xe0, 0x2f, 0x00, 0x4f,
    0xe0, 0xe6, 0x06, 0x40, 0x40, 0xef, 0xe0, 0xcf, 0x40, 0xef, 0xe0, 0x0f, 0x00, 0xff, 0x00, 0x1f,
    0x00, 0x0f, 0x00, 0x01, 0x00, 0x03, 0x00, 0x0f, 0x00, 0x07, 0x00, 0x1f, 0x00, 0x00, 0x00, 0x00,
    0x00, 0x00, 0x00, 0x01, 0x07, 0x0f, 0x0c, 0x08, 0x08, 0x08, 0x0c, 0x0f, 0x03, 0x00, 0x00, 0x0e,
    0x07, 0x01, 0x00, 0x00, 0x00, 0x00, 0x0f, 0x0f, 0x08, 0x0c, 0x06, 0x0f, 0x0f, 0x08, 0x00, 0x0e,
    0x0f, 0x09, 0x00, 0x08, 0x0e, 0x0f, 0x01, 0x00, 0x0e, 0x0f, 0x0b, 0x00, 0x00, 0x00, 0x00, 0x00,
    0x00, 0x00, 0x00, 0x00, 0x00, 0x00, 0x00, 0x00, 0x00, 0x00, 0x00, 0x00, 0x00, 0x00, 0x00, 0x00,
  },
  { // frame 6
    0x00, 0x00, 0x00, 0x00, 0x00, 0x80, 0x00, 0x00, 0x00, 0xc0, 0x00, 0xf0, 0x00, 0x80, 0x00, 0x00,
    0x00, 0x00, 0x00, 0x00, 0xf8, 0x00, 0x00, 0x80, 0x00, 0x00, 0x00, 0xe0, 0x00, 0x80, 0x00, 0x00,
    0x00, 0x00, 0x00, 0x00, 0x00, 0x00, 0x00, 0x00, 0x00, 0x00, 0x00, 0xc0, 0x00, 0x00, 0x00, 0x00,
    0x00, 0x00, 0x00, 0x00, 0x00, 0x00, 0x00, 0x00, 0x00, 0x80, 0x00, 0xc0, 0x00, 0x00, 0x00, 0x00,
    0x00, 0x00, 0x00, 0xfc, 0x00, 0xff, 0x00, 0xff, 0x00, 0xff, 0x00, 0xff, 0x00, 0xff, 0x00, 0xf8,
    0x00, 0xc0, 0x00, 0xf8, 0xff, 0xff, 0x00, 0xff, 0x00, 0xff, 0x00, 0xff, 0x00, 0xff, 0x00, 0xfe,
    0x00, 0xf0, 0x00, 0xfc, 0x00, 0xf0, 0x00, 0xfc, 0x00, 0xff, 0x00, 0xff, 0x00, 0xff, 0x00, 0xf8,
    0x00, 0xf8, 0x00, 0xf0, 0x00, 0xf8, 0x00, 0xfe, 0x00, 0xff, 0x00, 0xff, 0x00, 0x00, 0x00, 0x00,
    0x00, 0x00, 0x00, 0xc1, 0xf0, 0xf9, 0x1c, 0x0e, 0x06, 0x02, 0x82, 0x86, 0x9c, 0x9e, 0x00, 0x47,
    0xe0, 0xef, 0xc0, 0x4f, 0x6f, 0x6f, 0x00, 0x8f, 0xc0, 0x6f, 0x60, 0xef, 0xe0, 0x2f, 0x00, 0x4f,
    0xe0, 0xe6, 0x06, 0x40, 0x40, 0xef, 0xe0, 0xcf, 0x40, 0xef, 0xe0, 0x0f, 0x00, 0x7f, 0x00, 0x0f,
    0x00, 0x0f, 0x00, 0x07, 0x00, 0x0f, 0x00, 0x3f, 0x00, 0xff, 0x00, 0xff, 0x00, 0x00, 0x00, 0x00,
    0x00, 0x00, 0x00, 0x01, 0x07, 0x0f, 0x0c, 0x08, 0x08, 0x08, 0x0c, 0x0f, 0x03, 0x00, 0x00, 0x0e,
    0x07, 0x01, 0x00, 0x00, 0x00, 0x00, 0x0f, 0x0f, 0x08, 0x0c, 0x06, 0x0f, 0x0f, 0x08, 0x00, 0x0e,
    0x0f, 0x09, 0x00, 0x08, 0x0e, 0x0f, 0x01, 0x00, 0x0e, 0x0f, 0x0b, 0x00, 0x00, 0x00, 0x00, 0x00,
    0x00, 0x00, 0x00, 0x00, 0x00, 0x00, 0x00, 0x00, 0x00, 0x00, 0x00, 0x01, 0x00, 0x00, 0x00, 0x00,
  },
  { // frame 7
    0x00, 0x00, 0x00, 0x00, 0x00, 0xe0, 0x00, 0x80, 0x00, 0xe0, 0x00, 0xe0, 0x00, 0xc0, 0x00, 0x00,
    0x00, 0x00, 0x00, 0x00, 0x00, 0x00, 0x00, 0x00, 0xf8, 0x00, 0x00, 0x00, 0x00, 0x00, 0x00, 0x00,
    0x00, 0x00, 0x00, 0x00, 0x00, 0x00, 0x00, 0x00, 0x00, 0x00, 0x00, 0x00, 0x00, 0x00, 0x00, 0x00,
    0x00, 0x00, 0x00, 0x00, 0x00, 0x00, 0x00, 0x00, 0x00, 0x00, 0x00, 0x00, 0x00, 0x00, 0x00, 0x00,
    0x00, 0x00, 0x00, 0xff, 0x00, 0xff, 0x00, 0xff, 0x00, 0xff, 0x00, 0xff, 0x00, 0xff, 0x00, 0xf0,
    0x00, 0xf8, 0x00, 0xf8, 0x00, 0xfe, 0x00, 0xff, 0xff, 0xf8, 0x00, 0xff, 0x00, 0xfe, 0x00, 0xf8,
    0x00, 0xe0, 0x00, 0xf8, 0x00, 0xf8, 0x00, 0xf8, 0x00, 0xfc, 0x00, 0xff, 0x00, 0xfe, 0x00, 0xfc,
    0x00, 0xf8, 0x00, 0xe0, 0x00, 0xfe, 0x00, 0xfc, 0x00, 0xff, 0x00, 0xf8, 0x00, 0x00, 0x00, 0x00,
    0x00, 0x00, 0x00, 0xc1, 0xf0, 0xf9, 0x1c, 0x0e, 0x06, 0x02, 0x82, 0x86, 0x9c, 0x9e, 0x00, 0x47,
    0xe0, 0xef, 0xc0, 0x4f, 0x60, 0x6f, 0x00, 0x8f, 0xcf, 0x6f, 0x60, 0xef, 0xe0, 0x2f, 0x00, 0x4f,
    0xe0, 0xe6, 0x06, 0x40, 0x40, 0xef, 0xe0, 0xcf, 0x40, 0xef, 0xe0, 0x0f, 0x00, 0x3f, 0x00, 0x1f,
    0x00, 0x0f, 0x00, 0x03, 0x00, 0x3f, 0x00, 0x1f, 0x00, 0x7f, 0x00, 0x1f, 0x00, 0x00, 0x00, 0x00,
    0x00, 0x00, 0x00, 0x01, 0x07, 0x0f, 0x0c, 0x08, 0x08, 0x08, 0x0c, 0x0f, 0x03, 0x00, 0x00, 0x0e,
    0x07, 0x01, 0x00, 0x00, 0x00, 0x00, 0x0f, 0x0f, 0x08, 0x0c, 0x06, 0x0f, 0x0f, 0x08, 0x00, 0x0e,
    0x0f, 0x09, 0x00, 0x08, 0x0e, 0x0f, 0x01, 0x00, 0x0e, 0x0f, 0x0b, 0x00, 0x00, 0x00, 0x00, 0x00,
    0x00, 0x00, 0x00, 0x00, 0x00, 0x00, 0x00, 0x00, 0x00, 0x00, 0x00, 0x00, 0x00, 0x00, 0x00, 0x00,
  },
  { // frame 8
    0x00, 0x00, 0x00, 0x00, 0x00, 0xc0, 0x00, 0x00, 0x00, 0x00, 0x00, 0x80, 0x00, 0x80, 0x00, 0x00,
    0x00, 0x00, 0x00, 0x00, 0x00, 0x00, 0x00, 0x80, 0x00, 0x00, 0x00, 0x00, 0xf8, 0x00, 0x00, 0x00,
    0x00, 0x00, 0x00, 0x00, 0x00, 0x00, 0x00, 0x00, 0x00, 0x00, 0x00, 0xc0, 0x00, 0x80, 0x00, 0x00,
    0x00, 0x00, 0x00, 0x00, 0x00, 0x00, 0x00, 0x00, 0x00, 0x00, 0x00, 0x00, 0x00, 0x00, 0x00, 0x00,
    0x00, 0x00, 0x00, 0xff, 0x00, 0xff, 0x00, 0xfc, 0x00, 0xff, 0x00, 0xff, 0x00, 0xff, 0x00, 0xfc,
    0x00, 0xf0, 0x00, 0xf0, 0x00, 0xfc, 0x00, 0xff, 0x00, 0xfe, 0x00, 0xfc, 0xff, 0xe0, 0x00, 0xf0,
    0x00, 0xc0, 0x00, 0xf0, 0x00, 0xf8, 0x00, 0xf0, 0x00, 0xfc, 0x00, 0xff, 0x00, 0xff, 0x00, 0xfc,
    0x00, 0xfe, 0x00, 0xff, 0x00, 0xfe, 0x00, 0xfc, 0x00, 0xff, 0x00, 0xe0, 0x00, 0x00, 0x00, 0x00,
    0x00, 0x00, 0x00, 0xc1, 0xf0, 0xf9, 0x1c, 0x0e, 0x06, 0x02, 0x82, 0x86, 0x9c, 0x9e, 0x00, 0x47,
    0xe0, 0xef, 0xc0, 0x4f, 0x60, 0x6f, 0x00, 0x8f, 0xc0, 0x6f, 0x60, 0xef, 0xef, 0x2f, 0x00, 0x4f,
    0xe0, 0xe6, 0x06, 0x40, 0x40, 0xef, 0xe0, 0xcf, 0x40, 0xef, 0xe0, 0x0f, 0x00, 0xff, 0x00, 0x3f,
    0x00, 0x7f, 0x00, 0xff, 0x00, 0x7f, 0x00, 0x3f, 0x00, 0xff, 0x00, 0x07, 0x00, 0x00, 0x00, 0x00,
    0x00, 0x00, 0x00, 0x01, 0x07, 0x0f, 0x0c, 0x08, 0x08, 0x08, 0x0c, 0x0f, 0x03, 0x00, 0x00, 0x0e,
    0x07, 0x01, 0x00, 0x00, 0x00, 0x00, 0x0f, 0x0f, 0x08, 0x0c, 0x06, 0x0f, 0x0f, 0x08, 0x00, 0x0e,
    0x0f, 0x09, 0x00, 0x08, 0x0e, 0x0f, 0x01, 0x00, 0x0e, 0x0f, 0x0b, 0x00, 0x00, 0x00, 0x00, 0x00,
    0x00, 0x00, 0x00, 0x00, 0x00, 0x00, 0x00, 0x00, 0x00, 0x00, 0x00, 0x00, 0x00, 0x00, 0x00, 0x00,
  },
  { // frame 9
    0x00, 0x00, 0x00, 0xc0, 0x00, 0xf0, 0x00, 0x00, 0x00, 0x80, 0x00, 0x80, 0x00, 0x00, 0x00, 0x00,
    0x00, 0x00, 0x00, 0x00, 0x00, 0x00, 0x00, 0x00, 0x00, 0x00, 0x00, 0x00, 0x00, 0x00, 0x00, 0x00,
    0xf8, 0x00, 0x00, 0x00, 0x00, 0x00, 0x00, 0x00, 0x00, 0x00, 0x00, 0x80, 0x00, 0x00, 0x00, 0x00,
    0x00, 0x00, 0x00, 0x00, 0x00, 0x80, 0x00, 0x00, 0x00, 0xc0, 0x00, 0x00, 0x00, 0x00, 0x00, 0x00,
    0x00, 0x00, 0x00, 0xff, 0x00, 0xff, 0x00, 0xfe, 0x00, 0xff, 0x00, 0xff, 0x00, 0xfe, 0x00, 0xfe,
    0x00, 0xc0, 0x00, 0xe0, 0x00, 0xfe, 0x00, 0xff, 0x00, 0xf8, 0x00, 0xf8, 0x00, 0x80, 0x00, 0xe0,
    0xff, 0xf0, 0x00, 0xf0, 0x00, 0xf8, 0x00, 0xc0, 0x00, 0xf0, 0x00, 0xff, 0x00, 0xf8, 0x00, 0xf0,
    0x00, 0xfc, 0x00, 0xf0, 0x00, 0xff, 0x00, 0xfe, 0x00, 0xff, 0x00, 0xf8, 0x00, 0x00, 0x00, 0x00,
    0x00, 0x00, 0x00, 0xc1, 0xf0, 0xf9, 0x1c, 0x0e, 0x06, 0x02, 0x82, 0x86, 0x9c, 0x9e, 0x00, 0x47,
    0xe0, 0xef, 0xc0, 0x4f, 0x60, 0x6f, 0x00, 0x8f, 0xc0, 0x6f, 0x60, 0xef, 0xe0, 0x2f, 0x00, 0x4f,
    0xe0, 0xe6, 0x06, 0x40, 0x40, 0xef, 0xe0, 0xcf, 0x40, 0xef, 0xe0, 0x0f, 0x00, 0x0f, 0x00, 0x0f,
    0x00, 0x3f, 0x00, 0x0f, 0x00, 0xff, 0x00, 0x7f, 0x00, 0xff, 0x00, 0x0f, 0x00, 0x00, 0x00, 0x00,
    0x00, 0x00, 0x00, 0x01, 0x07, 0x0f, 0x0c, 0x08, 0x08, 0x08, 0x0c, 0x0f, 0x03, 0x00, 0x00, 0x0e,
    0x07, 0x01, 0x00, 0x00, 0x00, 0x00, 0x0f, 0x0f, 0x08, 0x0c, 0x06, 0x0f, 0x0f, 0x08, 0x00, 0x0e,
    0x0f, 0x09, 0x00, 0x08, 0x0e, 0x0f, 0x01, 0x00, 0x0e, 0x0f, 0x0b, 0x00, 0x00, 0x00, 0x00, 0x00,
    0x00, 0x00, 0x00, 0x00, 0x00, 0x01, 0x00, 0x00, 0x00, 0x01, 0x00, 0x00, 0x00, 0x00, 0x00, 0x00,
  },
  { // frame 10
    0x00, 0x00, 0x00, 0xc0, 0x00, 0xc0, 0x00, 0x00, 0x00, 0x00, 0x00, 0x80, 0x00, 0x00, 0x00, 0x00,
    0x00, 0x00, 0x00, 0x00, 0x00, 0x00, 0x00, 0xc0, 0x00, 0x00, 0x00, 0x00, 0x00, 0x00, 0x00, 0x00,
    0x00, 0x00, 0x00, 0x00, 0xf8, 0x00, 0x00, 0x00, 0x00, 0x00, 0x00, 0x00, 0x00, 0x00, 0x00, 0x00,
    0x00, 0x00, 0x00, 0x00, 0x00, 0x00, 0x00, 0x80, 0x00, 0xe0, 0x00, 0x00, 0x00, 0x00, 0x00, 0x00,
    0x00, 0x00, 0x00, 0xff, 0x00, 0xff, 0x00, 0xfc, 0x00, 0xfe, 0x00, 0xff, 0x00, 0xf8, 0x00, 0xe0,
    0x00, 0xf8, 0x00, 0x80, 0x00, 0xfc, 0x00, 0xff, 0x00, 0xfe, 0x00, 0xf0, 0x00, 0xe0, 0x00, 0xf8,
    0x00, 0xfe, 0x00, 0xf0, 0xff, 0xf0, 0x00, 0xf8, 0x00, 0xc0, 0x00, 0xff, 0x00, 0xff, 0x00, 0xe0,
    0x00, 0xf0, 0x00, 0xe0, 0x00, 0xfe, 0x00, 0xff, 0x00, 0xff, 0x00, 0xff, 0x00, 0x00, 0x00, 0x00,
    0x00, 0x00, 0x00, 0xc1, 0xf0, 0xf9, 0x1c, 0x0e, 0x06, 0x02, 0x82, 0x86, 0x9c, 0x9e, 0x00, 0x47,
    0xe0, 0xef, 0xc0, 0x4f, 0x60, 0x6f, 0x00, 0x8f, 0xc0, 0x6f, 0x60, 0xef, 0xe0, 0x2f, 0x00, 0x4f,
    0xe0, 0xe6, 0x06, 0x40, 0x4f, 0xef, 0xe0, 0xcf, 0x40, 0xef, 0xe0, 0x0f, 0x00, 0x7f, 0x00, 0x07,
    0x00, 0x0f, 0x00, 0x07, 0x00, 0x7f, 0x00, 0xff, 0x00, 0xff, 0x00, 0x7f, 0x00, 0x00, 0x00, 0x00,
    0x00, 0x00, 0x00, 0x01, 0x07, 0x0f, 0x0c, 0x08, 0x08, 0x08, 0x0c, 0x0f, 0x03, 0x00, 0x00, 0x0e,
    0x07, 0x01, 0x00, 0x00, 0x00, 0x00, 0x0f, 0x0f, 0x08, 0x0c, 0x06, 0x0f, 0x0f, 0x08, 0x00, 0x0e,
    0x0f, 0x09, 0x00, 0x08, 0x0e, 0x0f, 0x01, 0x00, 0x0e, 0x0f, 0x0b, 0x00, 0x00, 0x00, 0x00, 0x00,
    0x00, 0x00, 0x00, 0x00, 0x00, 0x00, 0x00, 0x01, 0x00, 0x03, 0x00, 0x00, 0x00, 0x00, 0x00, 0x00,
  },
  { // frame 11
    0x00, 0x00, 0x00, 0xf0, 0x00, 0xc0, 0x00, 0x00, 0x00, 0x00, 0x00, 0x00, 0x00, 0x00, 0x00, 0x00,
    0x00, 0x00, 0x00, 0x00, 0x00, 0x00, 0x00, 0x00, 0x00, 0x00, 0x00, 0x00, 0x00, 0x00, 0x00, 0x00,
    0x00, 0x00, 0x00, 0x00, 0x00, 0x00, 0x00, 0x00, 0xf8, 0x00, 0x00, 0x00, 0x00, 0x00, 0x00, 0x00,
    0x00, 0x00, 0x00, 0x00, 0x00, 0x00, 0x00, 0x00, 0x00, 0x00, 0x00, 0x80, 0x00, 0x00, 0x00, 0x00,
    0x00, 0x00, 0x00, 0xff, 0x00, 0xff, 0x00, 0xfc, 0x00, 0xfe, 0x00, 0xff, 0x00, 0xf0, 0x00, 0xfe,
    0x00, 0xf0, 0x00, 0xc0, 0x00, 0xf0, 0x00, 0xff, 0x00, 0xfc, 0x00, 0xe0, 0x00, 0xfc, 0x00, 0xff,
    0x00, 0xfc, 0x00, 0xf0, 0x00, 0xf0, 0x00, 0xf0, 0xff, 0xfc, 0x00, 0xf8, 0x00, 0xfe, 0x00, 0xf8,
    0x00, 0xfc, 0x00, 0xf8, 0x00, 0xfc, 0x00, 0xfe, 0x00, 0xfe, 0x00, 0xff, 0x00, 0x00, 0x00, 0x00,
    0x00, 0x00, 0x00, 0xc1, 0xf0, 0xf9, 0x1c, 0x0e, 0x06, 0x02, 0x82, 0x86, 0x9c, 0x9e, 0x00, 0x47,
    0xe0, 0xef, 0xc0, 0x4f, 0x60, 0x6f, 0x00, 0x8f, 0xc0, 0x6f, 0x60, 0xef, 0xe0, 0x2f, 0x00, 0x4f,
    0xe0, 0xe6, 0x06, 0x40, 0x40, 0xef, 0xe0, 0xcf, 0x4f, 0xef, 0xe0, 0x0f, 0x00, 0x3f, 0x00, 0x1f,
    0x00, 0x3f, 0x00, 0x1f, 0x00, 0x3f, 0x00, 0x7f, 0x00, 0x7f, 0x00, 0xff, 0x00, 0x00, 0x00, 0x00,
    0x00, 0x00, 0x00, 0x01, 0x07, 0x0f, 0x0c, 0x08, 0x08, 0x08, 0x0c, 0x0f, 0x03, 0x00, 0x00, 0x0e,
    0x07, 0x01, 0x00, 0x00, 0x00, 0x00, 0x0f, 0x0f, 0x08, 0x0c, 0x06, 0x0f, 0x0f, 0x08, 0x00, 0x0e,
    0x0f, 0x09, 0x00, 0x08, 0x0e, 0x0f, 0x01, 0x00, 0x0e, 0x0f, 0x0b, 0x00, 0x00, 0x00, 0x00, 0x00,
    0x00, 0x00, 0x00, 0x00, 0x00, 0x00, 0x00, 0x00, 0x00, 0x00, 0x00, 0x00, 0x00, 0x00, 0x00, 0x00,
  },
  { // frame 12
    0x00, 0x00, 0x00, 0x00, 0x00, 0x80, 0x00, 0x00, 0x00, 0x00, 0x00, 0x00, 0x00, 0x00, 0x00, 0x00,
    0x00, 0x00, 0x00, 0x00, 0x00, 0x00, 0x00, 0x00, 0x00, 0x80, 0x00, 0x00, 0x00, 0x00, 0x00, 0x00,
    0x00, 0x00, 0x00, 0x00, 0x00, 0x00, 0x00, 0x00, 0x00, 0x00, 0x00, 0x00, 0xf8, 0x00, 0x00, 0x00,
    0x00, 0x00, 0x00, 0x00, 0x00, 0x00, 0x00, 0x00, 0x00, 0xc0, 0x00, 0x00, 0x00, 0x00, 0x00, 0x00,
    0x00, 0x00, 0x00, 0xfe, 0x00, 0xff, 0x00, 0xf8, 0x00, 0xfc, 0x00, 0xff, 0x00, 0xf8, 0x00, 0xf8,
    0x00, 0xf8, 0x00, 0xfe, 0x00, 0xf8, 0x00, 0xfe, 0x00, 0xff, 0x00, 0xf0, 0x00, 0xf0, 0x00, 0xfc,
    0x00, 0xff, 0x00, 0xfe, 0x00, 0xf8, 0x00, 0xe0, 0x00, 0xe0, 0x00, 0xe0, 0xff, 0xfe, 0x00, 0xf0,
    0x00, 0xf0, 0x00, 0xf0, 0x00, 0xff, 0x00, 0xfc, 0x00, 0xff, 0x00, 0xfc, 0x00, 0x00, 0x00, 0x00,
    0x00, 0x00, 0x00, 0xc1, 0xf0, 0xf9, 0x1c, 0x0e, 0x06, 0x02, 0x82, 0x86, 0x9c, 0x9e, 0x00, 0x47,
    0xe0, 0xef, 0xc0, 0x4f, 0x60, 0x6f, 0x00, 0x8f, 0xc0, 0x6f, 0x60, 0xef, 0xe0, 0x2f, 0x00, 0x4f,
    0xe0, 0xe6, 0x06, 0x40, 0x40, 0xef, 0xe0, 0xcf, 0x40, 0xef, 0xe0, 0x0f, 0xff, 0x7f, 0x00, 0x0f,
    0x00, 0x0f, 0x00, 0x0f, 0x00, 0xff, 0x00, 0x3f, 0x00, 0xff, 0x00, 0x1f, 0x00, 0x00, 0x00, 0x00,
    0x00, 0x00, 0x00, 0x01, 0x07, 0x0f, 0x0c, 0x08, 0x08, 0x08, 0x0c, 0x0f, 0x03, 0x00, 0x00, 0x0e,
    0x07, 0x01, 0x00, 0x00, 0x00, 0x00, 0x0f, 0x0f, 0x08, 0x0c, 0x06, 0x0f, 0x0f, 0x08, 0x00, 0x0e,
    0x0f, 0x09, 0x00, 0x08, 0x0e, 0x0f, 0x01, 0x00, 0x0e, 0x0f, 0x0b, 0x00, 0x0f, 0x00, 0x00, 0x00,
    0x00, 0x00, 0x00, 0x00, 0x00, 0x00, 0x00, 0x00, 0x00, 0x01, 0x00, 0x00, 0x00, 0x00, 0x00, 0x00,
  },
  { // frame 13
    0x00, 0x00, 0x00, 0x00, 0x00, 0xc0, 0x00, 0x00, 0x00, 0x00, 0x00, 0x80, 0x00, 0x00, 0x00, 0x00,
    0x00, 0x00, 0x00, 0x00, 0x00, 0x00, 0x00, 0x00, 0x00, 0x80, 0x00, 0x00, 0x00, 0x00, 0x00, 0x00,
    0x00, 0x00, 0x00, 0xc0, 0x00, 0x00, 0x00, 0x00, 0x00, 0x00, 0x00, 0x00, 0x00, 0x00, 0x00, 0x00,
    0xf8, 0x00, 0x00, 0x00, 0x00, 0x00, 0x00, 0x00, 0x00, 0x00, 0x00, 0x00, 0x00, 0x00, 0x00, 0x00,
    0x00, 0x00, 0x00, 0xff, 0x00, 0xff, 0x00, 0xe0, 0x00, 0xfe, 0x00, 0xff, 0x00, 0xf0, 0x00, 0xf0,
    0x00, 0xff, 0x00, 0xfe, 0x00, 0xe0, 0x00, 0xff, 0x00, 0xff, 0x00, 0xf8, 0x00, 0xf0, 0x00, 0xf8,
    0x00, 0xfc, 0x00, 0xff, 0x00, 0xe0, 0x00, 0x80, 0x00, 0xf8, 0x00, 0xf0, 0x00, 0xff, 0x00, 0xf0,
    0xff, 0x80, 0x00, 0xc0, 0x00, 0xfc, 0x00, 0xe0, 0x00, 0xff, 0x00, 0xf8, 0x00, 0x00, 0x00, 0x00,
    0x00, 0x00, 0x00, 0xc1, 0xf0, 0xf9, 0x1c, 0x0e, 0x06, 0x02, 0x82, 0x86, 0x9c, 0x9e, 0x00, 0x47,
    0xe0, 0xef, 0xc0, 0x4f, 0x60, 0x6f, 0x00, 0x8f, 0xc0, 0x6f, 0x60, 0xef, 0xe0, 0x2f, 0x00, 0x4f,
    0xe0, 0xe6, 0x06, 0x40, 0x40, 0xef, 0xe0, 0xcf, 0x40, 0xef, 0xe0, 0x0f, 0x00, 0xff, 0x00, 0x0f,
    0xff, 0x01, 0x00, 0x03, 0x00, 0x3f, 0x00, 0x07, 0x00, 0x7f, 0x00, 0x0f, 0x00, 0x00, 0x00, 0x00,
    0x00, 0x00, 0x00, 0x01, 0x07, 0x0f, 0x0c, 0x08, 0x08, 0x08, 0x0c, 0x0f, 0x03, 0x00, 0x00, 0x0e,
    0x07, 0x01, 0x00, 0x00, 0x00, 0x00, 0x0f, 0x0f, 0x08, 0x0c, 0x06, 0x0f, 0x0f, 0x08, 0x00, 0x0e,
    0x0f, 0x09, 0x00, 0x08, 0x0e, 0x0f, 0x01, 0x00, 0x0e, 0x0f, 0x0b, 0x00, 0x00, 0x00, 0x00, 0x00,
    0x0f, 0x00, 0x00, 0x00, 0x00, 0x00, 0x00, 0x00, 0x00, 0x00, 0x00, 0x00, 0x00, 0x00, 0x00, 0x00,
  },
  { // frame 14
    0x00, 0x00, 0x00, 0x00, 0x00, 0x00, 0x00, 0x00, 0x00, 0x00, 0x00, 0x00, 0x00, 0x00, 0x00, 0x00,
    0x00, 0x80, 0x00, 0x00, 0x00, 0x00, 0x00, 0x00, 0x00, 0x80, 0x00, 0x00, 0x00, 0x00, 0x00, 0x00,
    0x00, 0x80, 0x00, 0x80, 0x00, 0x00, 0x00, 0x00, 0x00, 0x00, 0x00, 0x00, 0x00, 0x00, 0x00, 0x00,
    0x00, 0x00, 0x00, 0x00, 0xf8, 0x00, 0x00, 0x00, 0x00, 0x80, 0x00, 0x00, 0x00, 0x00, 0x00, 0x00,
    0x00, 0x00, 0x00, 0xff, 0x00, 0xf8, 0x00, 0xe0, 0x00, 0xf8, 0x00, 0xfe, 0x00, 0xe0, 0x00, 0xf8,
    0x00, 0xff, 0x00, 0xf8, 0x00, 0xe0, 0x00, 0xf8, 0x00, 0xff, 0x00, 0xf0, 0x00, 0xf8, 0x00, 0xfe,
    0x00, 0xff, 0x00, 0xff, 0x00, 0xfc, 0x00, 0xe0, 0x00, 0xf0, 0x00, 0xf8, 0x00, 0xf8, 0x00, 0xf0,
    0x00, 0xe0, 0x00, 0xc0, 0xff, 0xf8, 0x00, 0xfe, 0x00, 0xff, 0x00, 0xfc, 0x00, 0x00, 0x00, 0x00,
    0x00, 0x00, 0x00, 0xc1, 0xf0, 0xf9, 0x1c, 0x0e, 0x06, 0x02, 0x82, 0x86, 0x9c, 0x9e, 0x00, 0x47,
    0xe0, 0xef, 0xc0, 0x4f, 0x60, 0x6f, 0x00, 0x8f, 0xc0, 0x6f, 0x60, 0xef, 0xe0, 0x2f, 0x00, 0x4f,
    0xe0, 0xe6, 0x06, 0x40, 0x40, 0xef, 0xe0, 0xcf, 0x40, 0xef, 0xe0, 0x0f, 0x00, 0x1f, 0x00, 0x0f,
    0x00, 0x07, 0x00, 0x03, 0xff, 0x1f, 0x00, 0x3f, 0x00, 0xff, 0x00, 0x1f, 0x00, 0x00, 0x00, 0x00,
    0x00, 0x00, 0x00, 0x01, 0x07, 0x0f, 0x0c, 0x08, 0x08, 0x08, 0x0c, 0x0f, 0x03, 0x00, 0x00, 0x0e,
    0x07, 0x01, 0x00, 0x00, 0x00, 0x00, 0x0f, 0x0f, 0x08, 0x0c, 0x06, 0x0f, 0x0f, 0x08, 0x00, 0x0e,
    0x0f, 0x09, 0x00, 0x08, 0x0e, 0x0f, 0x01, 0x00, 0x0e, 0x0f, 0x0b, 0x00, 0x00, 0x00, 0x00, 0x00,
    0x00, 0x00, 0x00, 0x00, 0x0f, 0x00, 0x00, 0x00, 0x00, 0x00, 0x00, 0x00, 0x00, 0x00, 0x00, 0x00,
  },
  { // frame 15
    0x00, 0x00, 0x00, 0x00, 0x00, 0x00, 0x00, 0x00, 0x00, 0x80, 0x00, 0x00, 0x00, 0x00, 0x00, 0x00,
    0x00, 0x00, 0x00, 0x00, 0x00, 0x00, 0x00, 0x00, 0x00, 0x00, 0x00, 0x00, 0x00, 0x00, 0x00, 0x00,
    0x00, 0x80, 0x00, 0xe0, 0x00, 0x00, 0x00, 0x00, 0x00, 0x00, 0x00, 0x00, 0x00, 0x00, 0x00, 0x00,
    0x00, 0x00, 0x00, 0x00, 0x00, 0x00, 0x00, 0x00, 0xf8, 0x00, 0x00, 0x00, 0x00, 0x00, 0x00, 0x00,
    0x00, 0x00, 0x00, 0xf8, 0x00, 0xfc, 0x00, 0xfe, 0x00, 0xff, 0x00, 0xfe, 0x00, 0xf0, 0x00, 0xf0,
    0x00, 0xfe, 0x00, 0xf0, 0x00, 0xfe, 0x00, 0xe0, 0x00, 0xfe, 0x00, 0xf8, 0x00, 0xe0, 0x00, 0xfe,
    0x00, 0xff, 0x00, 0xff, 0x00, 0xff, 0x00, 0x80, 0x00, 0xc0, 0x00, 0xf0, 0x00, 0xfe, 0x00, 0x80,
    0x00, 0xc0, 0x00, 0xc0, 0x00, 0xf8, 0x00, 0xfc, 0xff, 0xfc, 0x00, 0xfe, 0x00, 0x00, 0x00, 0x00,
    0x00, 0x00, 0x00, 0xc1, 0xf0, 0xf9, 0x1c, 0x0e, 0x06, 0x02, 0x82, 0x86, 0x9c, 0x9e, 0x00, 0x47,
    0xe0, 0xef, 0xc0, 0x4f, 0x60, 0x6f, 0x00, 0x8f, 0xc0, 0x6f, 0x60, 0xef, 0xe0, 0x2f, 0x00, 0x4f,
    0xe0, 0xe6, 0x06, 0x40, 0x40, 0xef, 0xe0, 0xcf, 0x40, 0xef, 0xe0, 0x0f, 0x00, 0x7f, 0x00, 0x01,
    0x00, 0x03, 0x00, 0x03, 0x00, 0x1f, 0x00, 0x1f, 0xff, 0x1f, 0x00, 0x3f, 0x00, 0x00, 0x00, 0x00,
    0x00, 0x00, 0x00, 0x01, 0x07, 0x0f, 0x0c, 0x08, 0x08, 0x08, 0x0c, 0x0f, 0x03, 0x00, 0x00, 0x0e,
    0x07, 0x01, 0x00, 0x00, 0x00, 0x00, 0x0f, 0x0f, 0x08, 0x0c, 0x06, 0x0f, 0x0f, 0x08, 0x00, 0x0e,
    0x0f, 0x09, 0x00, 0x08, 0x0e, 0x0f, 0x01, 0x00, 0x0e, 0x0f, 0x0b, 0x00, 0x00, 0x00, 0x00, 0x00,
    0x00, 0x00, 0x00, 0x00, 0x00, 0x00, 0x00, 0x00, 0x0f, 0x00, 0x00, 0x00, 0x00, 0x00, 0x00, 0x00,
  },
  { // frame 16
    0x00, 0x00, 0x00, 0x00, 0x00, 0x00, 0x00, 0x00, 0x00, 0x00, 0x00, 0x00, 0x00, 0x00, 0x00, 0x00,
    0x00, 0x00, 0x00, 0x00, 0x00, 0x00, 0x00, 0x00, 0x00, 0x00, 0x00, 0x00, 0x00, 0x00, 0x00, 0x00,
    0x00, 0x00, 0x00, 0x80, 0x00, 0x00, 0x00, 0x00, 0x00, 0x00, 0x00, 0x00, 0x00, 0x00, 0x00, 0x00,
    0x00, 0x00, 0x00, 0x00, 0x00, 0x00, 0x00, 0x00, 0x00, 0x80, 0x00, 0x00, 0xf8, 0x00, 0x00, 0x00,
    0x00, 0x00, 0x00, 0xf8, 0x00, 0xfc, 0x00, 0xfe, 0x00, 0xff, 0x00, 0xfc, 0x00, 0xe0, 0x00, 0xc0,
    0x00, 0xf8, 0x00, 0xfe, 0x00, 0xf8, 0x00, 0xf0, 0x00, 0xfc, 0x00, 0xfe, 0x00, 0xf8, 0x00, 0xfe,
    0x00, 0xfc, 0x00, 0xff, 0x00, 0xfe, 0x00, 0xf8, 0x00, 0xe0, 0x00, 0xf0, 0x00, 0xfc, 0x00, 0xe0,
    0x00, 0xc0, 0x00, 0xe0, 0x00, 0xf8, 0x00, 0xff, 0x00, 0xff, 0x00, 0xfe, 0xff, 0x00, 0x00, 0x00,
    0x00, 0x00, 0x00, 0xc1, 0xf0, 0xf9, 0x1c, 0x0e, 0x06, 0x02, 0x82, 0x86, 0x9c, 0x9e, 0x00, 0x47,
    0xe0, 0xef, 0xc0, 0x4f, 0x60, 0x6f, 0x00, 0x8f, 0xc0, 0x6f, 0x60, 0xef, 0xe0, 0x2f, 0x00, 0x4f,
    0xe0, 0xe6, 0x06, 0x40, 0x40, 0xef, 0xe0, 0xcf, 0x40, 0xef, 0xe0, 0x0f, 0x00, 0x3f, 0x00, 0x07,
    0x00, 0x03, 0x00, 0x07, 0x00, 0x1f, 0x00, 0x7f, 0x00, 0xff, 0x00, 0x3f, 0xff, 0x00, 0x00, 0x00,
    0x00, 0x00, 0x00, 0x01, 0x07, 0x0f, 0x0c, 0x08, 0x08, 0x08, 0x0c, 0x0f, 0x03, 0x00, 0x00, 0x0e,
    0x07, 0x01, 0x00, 0x00, 0x00, 0x00, 0x0f, 0x0f, 0x08, 0x0c, 0x06, 0x0f, 0x0f, 0x08, 0x00, 0x0e,
    0x0f, 0x09, 0x00, 0x08, 0x0e, 0x0f, 0x01, 0x00, 0x0e, 0x0f, 0x0b, 0x00, 0x00, 0x00, 0x00, 0x00,
    0x00, 0x00, 0x00, 0x00, 0x00, 0x00, 0x00, 0x00, 0x00, 0x00, 0x00, 0x00, 0x0f, 0x00, 0x00, 0x00,
  },
};

static const uint8_t PICOPRO_SELECTOR_RINGS_ICON_FRAMES[][PICOPRO_SELECTOR_ICON_FRAME_BYTES] = {
  { // frame 1
    0x00, 0x00, 0x00, 0x00, 0x00, 0x00, 0x00, 0x00, 0x00, 0x00, 0x00, 0x00, 0x00, 0x00, 0x00, 0x00,
    0x00, 0x00, 0x00, 0x00, 0x00, 0x00, 0x00, 0x00, 0x00, 0x00, 0x00, 0x00, 0x00, 0x00, 0x00, 0x00,
    0x00, 0x00, 0x00, 0x00, 0x00, 0x00, 0x00, 0x00, 0x00, 0x00, 0x00, 0x00, 0x00, 0x00, 0x00, 0x00,
    0x00, 0x00, 0x00, 0x00, 0x00, 0x00, 0x00, 0x00, 0x00, 0x00, 0x00, 0x00, 0x00, 0x00, 0x00, 0x00,
    0x00, 0x00, 0x00, 0x00, 0x00, 0x00, 0x00, 0x00, 0x00, 0x00, 0x00, 0x00, 0x0c, 0x0c, 0x00, 0x00,
    0x00, 0x00, 0x00, 0x00, 0x00, 0x00, 0x00, 0x00, 0x00, 0x00, 0x00, 0x00, 0x00, 0x00, 0x00, 0x00,
    0x00, 0x00, 0x00, 0x00, 0x00, 0x00, 0x00, 0x00, 0x00, 0x00, 0x00, 0x00, 0x00, 0x00, 0x00, 0x00,
    0x00, 0x00, 0x00, 0x00, 0x00, 0x00, 0x00, 0x00, 0x00, 0x00, 0x00, 0x00, 0x00, 0x00, 0x00, 0x00,
    0x00, 0x00, 0x00, 0x00, 0x00, 0x82, 0xf2, 0x7e, 0x4e, 0xc2, 0xc2, 0x62, 0x7e, 0x3e, 0x1c, 0x40,
    0xe0, 0xe6, 0x06, 0x00, 0x40, 0x40, 0xe0, 0xe0, 0xc0, 0x40, 0xe0, 0xe0, 0x40, 0x00, 0xc0, 0xe0,
    0x60, 0x20, 0xe0, 0xc0, 0x60, 0x00, 0x00, 0xc0, 0xe0, 0x20, 0x60, 0x60, 0x00, 0x00, 0x03, 0x03,
    0x00, 0x00, 0x00, 0x00, 0x00, 0x00, 0x00, 0x00, 0x00, 0x00, 0x00, 0x00, 0x00, 0x00, 0x00, 0x00,
    0x00, 0x00, 0x00, 0x08, 0x0c, 0x0f, 0x0f, 0x08, 0x00, 0x00, 0x03, 0x0f, 0x0c, 0x08, 0x00, 0x0e,
    0x0f, 0x09, 0x0c, 0x00, 0x08, 0x0e, 0x0f, 0x01, 0x00, 0x0e, 0x0f, 0x09, 0x60, 0xcc, 0x8f, 0x9f,
    0x9a, 0xf3, 0x73, 0x01, 0x00, 0x0c, 0x0c, 0x08, 0x09, 0x0f, 0x06, 0x00, 0x00, 0x00, 0x00, 0x00,
    0x00, 0x00, 0x00, 0x00, 0x00, 0x00, 0x00, 0x00, 0x00, 0x00, 0x00, 0x00, 0x00, 0x00, 0x00, 0x00,
  },
  { // frame 2
    0x00, 0x00, 0x00, 0x00, 0x00, 0x00, 0x00, 0x00, 0x00, 0x00, 0x00, 0x00, 0x00, 0x00, 0x00, 0x00,
    0x00, 0x00, 0x00, 0x00, 0x00, 0x00, 0x00, 0x00, 0x00, 0x00, 0x00, 0x00, 0x00, 0x00, 0x00, 0x00,
    0x00, 0x60, 0x60, 0x00, 0x00, 0x00, 0x00, 0x00, 0x00, 0x00, 0x00, 0x00, 0x00, 0x00, 0x00, 0x00,
    0x00, 0x00, 0x00, 0x00, 0x00, 0x00, 0x00, 0x00, 0x00, 0x00, 0x00, 0x00, 0x00, 0x00, 0x00, 0x00,
    0x00, 0x00, 0x00, 0x00, 0x00, 0x00, 0x00, 0x00, 0x00, 0x00, 0x0c, 0x12, 0x2d, 0x2d, 0x12, 0x0c,
    0x00, 0x00, 0x00, 0x00, 0x00, 0x00, 0x00, 0x00, 0x00, 0x00, 0x00, 0x00, 0x00, 0x00, 0x00, 0x00,
    0x00, 0x00, 0x00, 0x00, 0x00, 0x00, 0x00, 0x00, 0x00, 0x00, 0x00, 0x00, 0x00, 0x80, 0x40, 0x40,
    0x80, 0x00, 0x00, 0x00, 0x00, 0x00, 0x00, 0x00, 0x00, 0x00, 0x00, 0x00, 0x00, 0x00, 0x00, 0x00,
    0x00, 0x00, 0x00, 0x00, 0x00, 0x82, 0xf2, 0x7e, 0x4e, 0xc2, 0xc2, 0x62, 0x7e, 0x3e, 0x1c, 0x40,
    0xe0, 0xe6, 0x06, 0x00, 0x40, 0x40, 0xe0, 0xe0, 0xc0, 0x40, 0xe0, 0xe0, 0x40, 0x00, 0xc0, 0xe0,
    0x60, 0x20, 0xe0, 0xc0, 0x60, 0x00, 0x00, 0xc0, 0xe0, 0x20, 0x60, 0x60, 0x03, 0x04, 0x0b, 0x0b,
    0x04, 0x03, 0x00, 0x00, 0x00, 0x00, 0x00, 0x00, 0x00, 0x00, 0x00, 0x00, 0x00, 0x00, 0x00, 0x00,
    0x00, 0x00, 0x00, 0x08, 0x0c, 0x0f, 0x0f, 0x08, 0x00, 0x00, 0x03, 0x0f, 0x0c, 0x08, 0x00, 0x0e,
    0x0f, 0x09, 0x0c, 0x00, 0x08, 0x0e, 0x0f, 0x01, 0x00, 0x0e, 0x0f, 0x09, 0x60, 0xcc, 0x8f, 0x9f,
    0x9a, 0xf3, 0x73, 0x01, 0x00, 0x0c, 0x0c, 0x08, 0x09, 0x0f, 0x06, 0x00, 0x00, 0x00, 0x00, 0x00,
    0x00, 0x00, 0x00, 0x00, 0x00, 0x00, 0x00, 0x00, 0x00, 0x00, 0x00, 0x00, 0x00, 0x00, 0x00, 0x00,
  },
  { // frame 3
    0x00, 0x00, 0x00, 0x00, 0x00, 0x00, 0x00, 0x00, 0x00, 0x00, 0x80, 0x40, 0x40, 0x40, 0x40, 0x80,
    0x00, 0x00, 0x00, 0x00, 0x00, 0x00, 0x00, 0x00, 0x00, 0x00, 0x00, 0x00, 0x00, 0x00, 0x00, 0x60,
    0x90, 0x60, 0x60, 0x90, 0x60, 0x00, 0x00, 0x00, 0x00, 0x00, 0x00, 0x00, 0x00, 0x00, 0x00, 0x00,
    0x00, 0x00, 0x00, 0x00, 0x00, 0x00, 0x00, 0x00, 0x00, 0x00, 0x00, 0x00, 0x00, 0x00, 0x00, 0x00,
    0x00, 0x00, 0x00, 0x00, 0x00, 0x00, 0x00, 0x00, 0x1e, 0x21, 0x4c, 0x92, 0xad, 0xad, 0x92, 0x4c,
    0x21, 0x1e, 0x00, 0x00, 0x00, 0x00, 0x00, 0x00, 0x00, 0x00, 0x00, 0x00, 0x00, 0x00, 0x00, 0x00,
    0x00, 0x01, 0x01, 0x00, 0x00, 0x00, 0x00, 0x00, 0x00, 0x00, 0x80, 0x40, 0x20, 0x90, 0x50, 0x50,
    0x90, 0x20, 0x40, 0x80, 0x00, 0x00, 0x00, 0x00, 0x00, 0x00, 0x00, 0x00, 0x00, 0x00, 0x00, 0x00,
    0x00, 0x00, 0x00, 0x00, 0x00, 0x82, 0xf2, 0x7e, 0x4e, 0xc2, 0xc2, 0x62, 0x7e, 0x3e, 0x1c, 0x40,
    0xe0, 0xe6, 0x06, 0x00, 0x40, 0x40, 0xe0, 0xe0, 0xc0, 0x40, 0xe0, 0xe0, 0x40, 0x00, 0xc0, 0xe0,
    0x60, 0x20, 0xe0, 0xc0, 0x60, 0x00, 0x00, 0xc0, 0xe0, 0x20, 0x67, 0x68, 0x03, 0x24, 0x2b, 0x2b,
    0x24, 0x13, 0x08, 0x07, 0x00, 0x00, 0x00, 0x00, 0x00, 0x00, 0x00, 0x00, 0x00, 0x00, 0x00, 0x00,
    0x00, 0x00, 0x00, 0x08, 0x0c, 0x0f, 0x0f, 0x08, 0x00, 0x00, 0x03, 0x0f, 0x0c, 0x08, 0x00, 0x0e,
    0x0f, 0x09, 0x0c, 0x00, 0x08, 0x0e, 0x0f, 0x01, 0x00, 0x0e, 0x0f, 0x09, 0x60, 0xcc, 0x8f, 0x9f,
    0x9a, 0xf3, 0x73, 0x01, 0x00, 0x0c, 0x0c, 0x08, 0x09, 0x0f, 0x06, 0x00, 0x00, 0x00, 0x00, 0x00,
    0x00, 0x00, 0x00, 0x00, 0x00, 0x00, 0x00, 0x00, 0x00, 0x00, 0x03, 0x03, 0x00, 0x00, 0x00, 0x00,
  },
  { // frame 4
    0x00, 0x00, 0x00, 0x00, 0x00, 0x00, 0x00, 0x80, 0x40, 0x20, 0x90, 0x50, 0x50, 0x50, 0x50, 0x90,
    0x20, 0x40, 0x80, 0x00, 0x00, 0x00, 0x00, 0x00, 0x00, 0x00, 0x00, 0x00, 0x00, 0xf0, 0x00, 0x60,
    0x90, 0x60, 0x60, 0x90, 0x60, 0x00, 0xf0, 0x00, 0x00, 0x00, 0x00, 0x00, 0x00, 0x00, 0x00, 0x00,
    0x00, 0x00, 0x00, 0x00, 0x00, 0x00, 0x00, 0x00, 0x00, 0x00, 0x00, 0x00, 0x00, 0x00, 0x00, 0x00,
    0x00, 0x00, 0x00, 0x00, 0x00, 0x00, 0x3f, 0x40, 0x9e, 0x21, 0x4c, 0x92, 0xa1, 0xa1, 0x92, 0x4c,
    0x21, 0x9e, 0x40, 0x3f, 0x00, 0x00, 0x00, 0x00, 0x00, 0x00, 0x00, 0x00, 0x00, 0x00, 0x01, 0x02,
    0x04, 0x05, 0x05, 0x04, 0x02, 0x01, 0x00, 0x00, 0xc0, 0x20, 0x90, 0x48, 0x24, 0x94, 0x54, 0x54,
    0x94, 0x24, 0x48, 0x90, 0x20, 0xc0, 0x00, 0x00, 0x00, 0x00, 0x00, 0x00, 0x00, 0x00, 0x00, 0x00,
    0x00, 0x00, 0x00, 0x00, 0x00, 0x82, 0xf2, 0x7e, 0x4e, 0xc2, 0xc2, 0x62, 0x7e, 0x3e, 0x1c, 0x40,
    0xe0, 0xe6, 0x06, 0x00, 0x40, 0x40, 0xe0, 0xe0, 0xc0, 0x40, 0xe0, 0xe0, 0x40, 0x00, 0xc0, 0xe0,
    0x60, 0x20, 0xe0, 0xc0, 0x60, 0x00, 0x00, 0xc0, 0xef, 0x20, 0x67, 0x68, 0x03, 0xa4, 0xa8, 0xa8,
    0xa4, 0x93, 0x48, 0x27, 0x10, 0x0f, 0x00, 0x00, 0x00, 0x80, 0x40, 0x40, 0x00, 0x00, 0x00, 0x00,
    0x00, 0x00, 0x00, 0x08, 0x0c, 0x0f, 0x0f, 0x08, 0x00, 0x00, 0x03, 0x0f, 0x0c, 0x08, 0x00, 0x0e,
    0x0f, 0x09, 0x0c, 0x00, 0x08, 0x0e, 0x0f, 0x01, 0x00, 0x0e, 0x0f, 0x09, 0x60, 0xcc, 0x8f, 0x9f,
    0x9a, 0xf3, 0x73, 0x01, 0x00, 0x0c, 0x0c, 0x08, 0x09, 0x0f, 0x06, 0x00, 0x00, 0x00, 0x00, 0x00,
    0x00, 0x00, 0x00, 0x00, 0x00, 0x00, 0x00, 0x00, 0x03, 0x04, 0x0b, 0x0b, 0x00, 0x00, 0x00, 0x00,
  },
  { // frame 5
    0x00, 0x00, 0x00, 0x00, 0x80, 0x40, 0x20, 0x90, 0x40, 0x20, 0x90, 0x50, 0x50, 0x50, 0x50, 0x90,
    0x20, 0x40, 0x90, 0x20, 0x40, 0x80, 0x00, 0x00, 0x00, 0x00, 0x00, 0xf0, 0x00, 0xf0, 0x00, 0x60,
    0x90, 0x00, 0x00, 0x90, 0x60, 0x00, 0xf0, 0x00, 0xf0, 0x00, 0x00, 0x00, 0x00, 0x00, 0x00, 0x00,
    0x00, 0x00, 0x00, 0x00, 0x00, 0x00, 0x00, 0x00, 0x00, 0x00, 0x00, 0x00, 0x00, 0x00, 0x00, 0x00,
    0x00, 0x00, 0x00, 0x00, 0x7f, 0x80, 0x3f, 0x40, 0x9e, 0x21, 0x4c, 0x80, 0xa1, 0xa1, 0x80, 0x4c,
    0x21, 0x9e, 0x40, 0x3f, 0x80, 0x7f, 0x00, 0x00, 0x00, 0x00, 0x00, 0x01, 0x02, 0x04, 0x09, 0x12,
    0x14, 0x15, 0x15, 0x14, 0x12, 0x09, 0xe4, 0x12, 0xc9, 0x24, 0x92, 0x49, 0x25, 0x15, 0x55, 0x55,
    0x15, 0x25, 0x49, 0x92, 0x24, 0xc8, 0x10, 0xe0, 0x00, 0x00, 0x00, 0x00, 0x00, 0x00, 0x00, 0x00,
    0x00, 0x00, 0x00, 0x00, 0x00, 0x82, 0xf2, 0x7e, 0x4e, 0xc2, 0xc2, 0x62, 0x7e, 0x3e, 0x1c, 0x40,
    0xe0, 0xe6, 0x06, 0x00, 0x40, 0x40, 0xe0, 0xe0, 0xc0, 0x40, 0xe0, 0xe0, 0x40, 0x00, 0xc0, 0xe0,
    0x60, 0x20, 0xe0, 0xc0, 0x60, 0x00, 0x0f, 0xc0, 0xef, 0x20, 0x67, 0x68, 0x03, 0xa0, 0xa8, 0xa8,
    0xa0, 0x93, 0x48, 0x27, 0x90, 0x4f, 0xa0, 0x5f, 0x20, 0x90, 0x50, 0x50, 0x00, 0x00, 0x00, 0x00,
    0x00, 0x00, 0x00, 0x08, 0x0c, 0x0f, 0x0f, 0x08, 0x00, 0x00, 0x03, 0x0f, 0x0c, 0x08, 0x00, 0x0e,
    0x0f, 0x09, 0x0c, 0x00, 0x08, 0x0e, 0x0f, 0x01, 0x00, 0x0e, 0x0f, 0x09, 0x60, 0xcc, 0x8f, 0x9f,
    0x9a, 0xf3, 0x73, 0x01, 0x00, 0x0c, 0x0c, 0x08, 0x09, 0x0f, 0x06, 0x00, 0x00, 0x02, 0x02, 0x02,
    0x02, 0x02, 0x02, 0x01, 0x00, 0x00, 0x07, 0x08, 0x03, 0x04, 0x0b, 0x0b, 0x00, 0x00, 0x00, 0x00,
  },
  { // frame 6
    0x00, 0x00, 0x00, 0x00, 0x90, 0x40, 0x20, 0x90, 0x40, 0x20, 0x10, 0x50, 0x50, 0x50, 0x50, 0x10,
    0x20, 0x40, 0x90, 0x20, 0x40, 0x90, 0x20, 0xc0, 0x00, 0xf0, 0x00, 0xf0, 0x00, 0xf0, 0x00, 0x60,
    0x00, 0x00, 0x00, 0x00, 0x60, 0x00, 0xf0, 0x00, 0xf0, 0x80, 0xf0, 0x40, 0x40, 0x40, 0x40, 0x40,
    0x40, 0x40, 0x40, 0x40, 0x80, 0x00, 0x00, 0x00, 0x00, 0x00, 0x00, 0x00, 0x00, 0x00, 0x00, 0x00,
    0x00, 0x00, 0x00, 0x00, 0x7f, 0x80, 0x3f, 0x40, 0x9e, 0x00, 0x00, 0x80, 0x80, 0x80, 0x80, 0x00,
    0x00, 0x9e, 0x40, 0x3f, 0x80, 0x7f, 0x00, 0xff, 0x00, 0x03, 0x04, 0x09, 0x12, 0x24, 0x49, 0x52,
    0x54, 0x55, 0x55, 0x54, 0xf2, 0x49, 0xe4, 0x12, 0xc9, 0x24, 0x93, 0x09, 0x05, 0x15, 0x15, 0x15,
    0x15, 0x05, 0x09, 0x92, 0x24, 0xc9, 0x12, 0xe4, 0x08, 0xf0, 0x00, 0x00, 0x00, 0x00, 0x00, 0x00,
    0x00, 0x00, 0x00, 0x00, 0x00, 0x82, 0xf2, 0x7e, 0x4e, 0xc2, 0xc2, 0x62, 0x7e, 0x3e, 0x1c, 0x40,
    0xe0, 0xe6, 0x06, 0x00, 0x44, 0x42, 0xe1, 0xe0, 0xc0, 0x40, 0xe0, 0xe0, 0x40, 0x00, 0xc0, 0xe0,
    0x60, 0x20, 0xe0, 0xc0, 0x6f, 0x00, 0x0f, 0xc0, 0xef, 0x20, 0x67, 0x60, 0x00, 0xa0, 0xa0, 0xa0,
    0xa0, 0x80, 0x40, 0x27, 0xd0, 0x6f, 0xb0, 0xdf, 0x64, 0xbf, 0x54, 0x54, 0x00, 0x00, 0x00, 0x00,
    0x00, 0x00, 0x00, 0x08, 0x0c, 0x0f, 0x0f, 0x08, 0x00, 0x00, 0x03, 0x0f, 0x0c, 0x08, 0x00, 0x0e,
    0x0f, 0x09, 0x0c, 0x00, 0x08, 0x0e, 0x0f, 0x01, 0x00, 0x0e, 0x0f, 0x09, 0x60, 0xcc, 0x8f, 0x9f,
    0x9a, 0xf3, 0x73, 0x01, 0x00, 0x0c, 0x0c, 0x08, 0x09, 0x0f, 0x06, 0x00, 0x00, 0x0a, 0x0a, 0x0a,
    0x0a, 0x0a, 0x0a, 0x09, 0x07, 0x02, 0x07, 0x08, 0x03, 0x04, 0x08, 0x08, 0x00, 0x00, 0x00, 0x00,
  },
  { // frame 7
    0x00, 0x00, 0x00, 0x00, 0x90, 0x40, 0x20, 0x10, 0x00, 0x00, 0x10, 0x10, 0x10, 0x10, 0x10, 0x10,
    0x00, 0x00, 0x10, 0x20, 0x40, 0x90, 0x20, 0xf0, 0x00, 0xf0, 0x00, 0xf0, 0x00, 0xf0, 0x00, 0x00,
    0x00, 0x00, 0x00, 0x00, 0x00, 0x00, 0xf0, 0x40, 0xf0, 0x90, 0xf0, 0x50, 0xf0, 0x50, 0x50, 0x50,
    0x50, 0x50, 0x50, 0x50, 0x90, 0x20, 0x40, 0x80, 0x00, 0x00, 0x00, 0x00, 0x00, 0x00, 0x00, 0x00,
    0x00, 0x00, 0x00, 0x00, 0x7f, 0x80, 0x3f, 0x00, 0x00, 0x00, 0x00, 0x00, 0x00, 0x00, 0x00, 0x00,
    0x00, 0x00, 0x00, 0x3f, 0x80, 0x7f, 0x00, 0xff, 0x00, 0xff, 0x24, 0x49, 0x92, 0x24, 0x48, 0x50,
    0x54, 0x54, 0xfc, 0x54, 0xf2, 0x49, 0xe4, 0x92, 0xc9, 0x24, 0x13, 0x09, 0x07, 0x05, 0x05, 0x05,
    0x05, 0x05, 0x09, 0x12, 0x24, 0xc9, 0x12, 0xe4, 0x09, 0xf2, 0x04, 0xf8, 0x00, 0x00, 0x00, 0x00,
    0x00, 0x00, 0x00, 0x00, 0x00, 0x82, 0xf2, 0x7e, 0x4e, 0xc2, 0xc2, 0x62, 0x7e, 0x3e, 0x1c, 0x40,
    0xe0, 0xe6, 0x06, 0x00, 0x44, 0x42, 0xe9, 0xe4, 0xc2, 0x41, 0xe0, 0xe0, 0x40, 0x01, 0xc1, 0xe1,
    0x61, 0x21, 0xef, 0xc1, 0x6f, 0x01, 0x0f, 0xc0, 0xef, 0x20, 0x60, 0x60, 0x00, 0xa0, 0xa0, 0xa0,
    0xa0, 0x80, 0xe0, 0x30, 0xd8, 0x6f, 0xb2, 0xdf, 0x65, 0xbf, 0xd5, 0x7f, 0x00, 0x00, 0x00, 0x00,
    0x00, 0x00, 0x00, 0x08, 0x0c, 0x0f, 0x0f, 0x08, 0x00, 0x00, 0x03, 0x0f, 0x0c, 0x08, 0x00, 0x0e,
    0x0f, 0x09, 0x0c, 0x00, 0x08, 0x0e, 0x0f, 0x01, 0x00, 0x0e, 0x0f, 0x09, 0x60, 0xcc, 0x8f, 0x9f,
    0x9a, 0xf3, 0x73, 0x01, 0x00, 0x0c, 0x0c, 0x08, 0x09, 0x0f, 0x06, 0x00, 0x00, 0x0a, 0x0a, 0x0a,
    0x0a, 0x0a, 0x0f, 0x09, 0x0f, 0x02, 0x07, 0x0c, 0x03, 0x05, 0x00, 0x00, 0x00, 0x00, 0x00, 0x00,
  },
  { // frame 8
    0x00, 0x00, 0x00, 0x00, 0x90, 0x00, 0x00, 0x10, 0x00, 0x00, 0x00, 0x00, 0x00, 0x00, 0x00, 0x00,
    0x00, 0x00, 0x00, 0x00, 0x00, 0xf0, 0x20, 0xf0, 0x00, 0xf0, 0x00, 0xf0, 0x00, 0x00, 0x00, 0x00,
    0x00, 0x00, 0x00, 0x00, 0x00, 0x00, 0x80, 0x40, 0xf0, 0x90, 0xf0, 0x50, 0xf0, 0x50, 0xf0, 0x50,
    0x50, 0x50, 0x50, 0xd0, 0x90, 0x20, 0x40, 0x90, 0x20, 0x40, 0x80, 0x00, 0x00, 0x00, 0x00, 0x00,
    0x00, 0x00, 0x00, 0x00, 0x7f, 0x00, 0x00, 0x00, 0x00, 0x00, 0x00, 0x00, 0x00, 0x00, 0x00, 0x00,
    0x00, 0x00, 0x00, 0x00, 0x00, 0x7f, 0x10, 0xff, 0x40, 0xff, 0x24, 0xff, 0x90, 0x20, 0x40, 0x50,
    0x50, 0x50, 0xf8, 0x54, 0xf2, 0x49, 0xe4, 0x92, 0x49, 0x24, 0x93, 0x49, 0x27, 0x11, 0x0f, 0x01,
    0x01, 0x01, 0x01, 0x02, 0x04, 0x09, 0x12, 0xe4, 0x09, 0xf2, 0x04, 0xf9, 0x00, 0x00, 0x00, 0x00,
    0x00, 0x00, 0x00, 0x00, 0x00, 0x82, 0xf2, 0x7e, 0x4e, 0xc2, 0xc2, 0x62, 0x7e, 0x3e, 0x1c, 0x40,
    0xe0, 0xe6, 0x06, 0x00, 0x44, 0x42, 0xe9, 0xe4, 0xc2, 0x49, 0xe5, 0xe3, 0x44, 0x05, 0xc5, 0xe5,
    0x65, 0x25, 0xef, 0xc5, 0x6f, 0x05, 0x0f, 0xc4, 0xe2, 0x21, 0x60, 0x60, 0x00, 0x80, 0x80, 0x80,
    0xf0, 0x88, 0xe4, 0x32, 0xd9, 0x69, 0xb3, 0xdf, 0x65, 0xbf, 0xd5, 0x7f, 0x00, 0x00, 0x00, 0x00,
    0x00, 0x00, 0x00, 0x08, 0x0c, 0x0f, 0x0f, 0x08, 0x00, 0x00, 0x03, 0x0f, 0x0c, 0x08, 0x00, 0x0e,
    0x0f, 0x09, 0x0c, 0x00, 0x08, 0x0e, 0x0f, 0x01, 0x00, 0x0e, 0x0f, 0x09, 0x60, 0xcc, 0x8f, 0x9f,
    0x9a, 0xf3, 0x73, 0x01, 0x00, 0x0c, 0x0c, 0x08, 0x09, 0x0f, 0x06, 0x00, 0x00, 0x0a, 0x0a, 0x0a,
    0x0f, 0x0a, 0x0f, 0x09, 0x0f, 0x02, 0x07, 0x0c, 0x03, 0x05, 0x00, 0x00, 0x00, 0x00, 0x00, 0x00,
  },
  { // frame 9
    0x00, 0x00, 0x00, 0x00, 0x90, 0x00, 0x00, 0x10, 0x00, 0x00, 0x00, 0x00, 0x00, 0x00, 0x00, 0x00,
    0x00, 0x00, 0x00, 0x00, 0x00, 0xf0, 0x20, 0x70, 0x00, 0xf0, 0x00, 0xf0, 0x00, 0x00, 0x00, 0x00,
    0x00, 0x00, 0x00, 0x00, 0x00, 0x00, 0x80, 0x40, 0xf0, 0x90, 0x30, 0x10, 0x30, 0x10, 0xb0, 0x00,
    0x00, 0x10, 0x10, 0xd0, 0x90, 0x20, 0x40, 0x90, 0x20, 0x40, 0x90, 0x20, 0x00, 0x00, 0x00, 0x00,
    0x00, 0x00, 0x00, 0x00, 0x07, 0x00, 0x00, 0x00, 0x00, 0x00, 0x00, 0x00, 0x00, 0x00, 0x00, 0x00,
    0x00, 0x00, 0x00, 0x00, 0x00, 0x7d, 0x10, 0xfb, 0x40, 0xff, 0x24, 0xff, 0x90, 0x20, 0xfc, 0x50,
    0xf8, 0x50, 0xf8, 0x54, 0xf2, 0x48, 0xe0, 0x92, 0x41, 0x24, 0x83, 0x09, 0x27, 0x11, 0x0f, 0x01,
    0x00, 0x01, 0x01, 0x02, 0x04, 0x09, 0x12, 0xe4, 0x09, 0xf2, 0x04, 0xb9, 0x00, 0x00, 0x00, 0x00,
    0x00, 0x00, 0x00, 0x00, 0x00, 0x82, 0xf2, 0x7e, 0x4e, 0xc2, 0xc2, 0x62, 0x7e, 0x3e, 0x1c, 0x40,
    0xe0, 0xe6, 0x06, 0x00, 0x44, 0x42, 0xe9, 0xe4, 0xc2, 0x49, 0xe5, 0xe3, 0x40, 0x04, 0xcf, 0xe5,
    0x6f, 0x21, 0xe9, 0xc1, 0x69, 0x01, 0x09, 0xc0, 0xe0, 0x21, 0x60, 0x60, 0x00, 0x80, 0x80, 0x80,
    0x00, 0x88, 0xe4, 0x32, 0xc9, 0x69, 0xb3, 0xdf, 0x25, 0x3f, 0x15, 0x3f, 0x00, 0x00, 0x00, 0x00,
    0x00, 0x00, 0x00, 0x08, 0x0c, 0x0f, 0x0f, 0x08, 0x00, 0x00, 0x03, 0x0f, 0x0c, 0x08, 0x00, 0x0e,
    0x0f, 0x09, 0x0c, 0x00, 0x08, 0x0e, 0x0f, 0x01, 0x00, 0x0e, 0x0f, 0x09, 0x60, 0xcc, 0x8f, 0x9f,
    0x9a, 0xf3, 0x73, 0x01, 0x00, 0x0c, 0x0c, 0x08, 0x09, 0x0f, 0x06, 0x00, 0x00, 0x0a, 0x08, 0x0a,
    0x08, 0x0a, 0x0f, 0x09, 0x0f, 0x02, 0x07, 0x0c, 0x00, 0x00, 0x00, 0x00, 0x00, 0x00, 0x00, 0x00,
  },
  { // frame 10
    0x00, 0x00, 0x00, 0x00, 0x10, 0x00, 0x00, 0x10, 0x00, 0x00, 0x00, 0x00, 0x00, 0x00, 0x00, 0x00,
    0x00, 0x00, 0x00, 0x00, 0x00, 0xd0, 0x00, 0x50, 0x00, 0xd0, 0x00, 0xc0, 0x00, 0x00, 0x00, 0x00,
    0x00, 0x00, 0x00, 0x00, 0x00, 0x00, 0x80, 0x40, 0x10, 0x00, 0x30, 0x10, 0x30, 0x10, 0xb0, 0x00,
    0x00, 0x10, 0x10, 0xd0, 0x90, 0x20, 0x40, 0x90, 0x20, 0x00, 0x90, 0x00, 0x00, 0x00, 0x00, 0x00,
    0x00, 0x00, 0x00, 0x00, 0x00, 0x00, 0x00, 0x00, 0x00, 0x00, 0x00, 0x00, 0x00, 0x00, 0x00, 0x00,
    0x00, 0x00, 0x00, 0x00, 0x00, 0x6d, 0x00, 0xeb, 0x40, 0xef, 0x24, 0xef, 0x80, 0x00, 0x9c, 0x00,
    0x00, 0x50, 0xf8, 0x54, 0xf2, 0x48, 0xe0, 0x92, 0x41, 0x04, 0x03, 0x09, 0x27, 0x11, 0x0f, 0x01,
    0x00, 0x01, 0x01, 0x02, 0x04, 0x01, 0x10, 0x24, 0x08, 0x32, 0x04, 0x39, 0x00, 0x00, 0x00, 0x00,
    0x00, 0x00, 0x00, 0x00, 0x00, 0x82, 0xf2, 0x7e, 0x4e, 0xc2, 0xc2, 0x62, 0x7e, 0x3e, 0x1c, 0x40,
    0xe0, 0xe6, 0x06, 0x00, 0x44, 0x42, 0xe9, 0xe4, 0xc2, 0x49, 0xe5, 0xe3, 0x40, 0x04, 0xcf, 0xe0,
    0x60, 0x21, 0xe9, 0xc1, 0x69, 0x01, 0x09, 0xc0, 0xe0, 0x20, 0x60, 0x60, 0x00, 0x80, 0x80, 0x00,
    0x00, 0x88, 0xe4, 0x32, 0xc9, 0x69, 0xb3, 0xdf, 0x25, 0x3f, 0x15, 0x3f, 0x00, 0x00, 0x00, 0x00,
    0x00, 0x00, 0x00, 0x08, 0x0c, 0x0f, 0x0f, 0x08, 0x00, 0x00, 0x03, 0x0f, 0x0c, 0x08, 0x00, 0x0e,
    0x0f, 0x09, 0x0c, 0x00, 0x08, 0x0e, 0x0f, 0x01, 0x00, 0x0e, 0x0f, 0x09, 0x60, 0xcc, 0x8f, 0x9f,
    0x9a, 0xf3, 0x73, 0x01, 0x00, 0x0c, 0x0c, 0x08, 0x09, 0x0f, 0x06, 0x00, 0x00, 0x0a, 0x08, 0x00,
    0x08, 0x0a, 0x0e, 0x08, 0x0e, 0x02, 0x07, 0x0c, 0x00, 0x00, 0x00, 0x00, 0x00, 0x00, 0x00, 0x00,
  },
  { // frame 11
    0x00, 0x00, 0x00, 0x00, 0x10, 0x00, 0x00, 0x00, 0x00, 0x00, 0x00, 0x00, 0x00, 0x00, 0x00, 0x00,
    0x00, 0x00, 0x00, 0x00, 0x00, 0x00, 0x00, 0x00, 0x00, 0x40, 0x00, 0x40, 0x00, 0x00, 0x00, 0x00,
    0x00, 0x00, 0x00, 0x00, 0x00, 0x00, 0x00, 0x00, 0x00, 0x00, 0x00, 0x00, 0x00, 0x00, 0x30, 0x00,
    0x00, 0x10, 0x00, 0x00, 0x00, 0x00, 0x00, 0x90, 0x00, 0x00, 0x90, 0x00, 0x00, 0x00, 0x00, 0x00,
    0x00, 0x00, 0x00, 0x00, 0x00, 0x00, 0x00, 0x00, 0x00, 0x00, 0x00, 0x00, 0x00, 0x00, 0x00, 0x00,
    0x00, 0x00, 0x00, 0x00, 0x00, 0x09, 0x00, 0x01, 0x00, 0x01, 0x00, 0x40, 0x00, 0x00, 0x1c, 0x00,
    0x00, 0x00, 0x00, 0x00, 0x10, 0x00, 0x00, 0x10, 0x41, 0x04, 0x01, 0x08, 0x04, 0x10, 0x0c, 0x01,
    0x00, 0x01, 0x01, 0x00, 0x04, 0x01, 0x10, 0x04, 0x08, 0x32, 0x04, 0x39, 0x00, 0x00, 0x00, 0x00,
    0x00, 0x00, 0x00, 0x00, 0x00, 0x82, 0xf2, 0x7e, 0x4e, 0xc2, 0xc2, 0x62, 0x7e, 0x3e, 0x1c, 0x40,
    0xe0, 0xe6, 0x06, 0x00, 0x44, 0x40, 0xe9, 0xe0, 0xc0, 0x40, 0xe5, 0xe3, 0x40, 0x04, 0xce, 0xe0,
    0x60, 0x20, 0xe0, 0xc0, 0x68, 0x00, 0x08, 0xc0, 0xe0, 0x21, 0x60, 0x60, 0x00, 0x80, 0x00, 0x00,
    0x00, 0x08, 0xe4, 0x32, 0x00, 0x68, 0xb2, 0x00, 0x20, 0x2a, 0x00, 0x2a, 0x00, 0x00, 0x00, 0x00,
    0x00, 0x00, 0x00, 0x08, 0x0c, 0x0f, 0x0f, 0x08, 0x00, 0x00, 0x03, 0x0f, 0x0c, 0x08, 0x00, 0x0e,
    0x0f, 0x09, 0x0c, 0x00, 0x08, 0x0e, 0x0f, 0x01, 0x00, 0x0e, 0x0f, 0x09, 0x60, 0xcc, 0x8f, 0x9f,
    0x9a, 0xf3, 0x73, 0x01, 0x00, 0x0c, 0x0c, 0x08, 0x09, 0x0f, 0x06, 0x00, 0x00, 0x0a, 0x00, 0x00,
    0x08, 0x00, 0x0e, 0x08, 0x00, 0x02, 0x07, 0x00, 0x00, 0x00, 0x00, 0x00, 0x00, 0x00, 0x00, 0x00,
  },
  { // frame 12
    0x00, 0x00, 0x00, 0x00, 0x00, 0x00, 0x00, 0x00, 0x00, 0x00, 0x00, 0x00, 0x00, 0x00, 0x00, 0x00,
    0x00, 0x00, 0x00, 0x00, 0x00, 0x00, 0x00, 0x00, 0x00, 0x40, 0x00, 0x40, 0x00, 0x00, 0x00, 0x00,
    0x00, 0x00, 0x00, 0x00, 0x00, 0x00, 0x00, 0x00, 0x00, 0x00, 0x00, 0x00, 0x00, 0x00, 0x00, 0x00,
    0x00, 0x00, 0x00, 0x00, 0x00, 0x00, 0x00, 0x80, 0x00, 0x00, 0x10, 0x00, 0x00, 0x00, 0x00, 0x00,
    0x00, 0x00, 0x00, 0x00, 0x00, 0x00, 0x00, 0x00, 0x00, 0x00, 0x00, 0x00, 0x00, 0x00, 0x00, 0x00,
    0x00, 0x00, 0x00, 0x00, 0x00, 0x40, 0x00, 0x41, 0x00, 0x00, 0x00, 0x00, 0x00, 0x00, 0x00, 0x00,
    0x00, 0x00, 0x00, 0x00, 0x10, 0x00, 0x00, 0x00, 0x00, 0x04, 0x00, 0x08, 0x04, 0x10, 0x00, 0x00,
    0x00, 0x00, 0x00, 0x00, 0x04, 0x00, 0x00, 0x00, 0x00, 0x20, 0x00, 0x00, 0x00, 0x00, 0x00, 0x00,
    0x00, 0x00, 0x00, 0x00, 0x00, 0x82, 0xf2, 0x7e, 0x4e, 0xc2, 0xc2, 0x62, 0x7e, 0x3e, 0x1c, 0x40,
    0xe0, 0xe6, 0x06, 0x00, 0x44, 0x40, 0xe9, 0xe0, 0xc0, 0x40, 0xe0, 0xe0, 0x40, 0x00, 0xc0, 0xe0,
    0x60, 0x20, 0xe0, 0xc0, 0x60, 0x00, 0x00, 0xc0, 0xe0, 0x20, 0x60, 0x60, 0x00, 0x00, 0x00, 0x00,
    0x00, 0x00, 0x00, 0x00, 0x00, 0x00, 0x00, 0x00, 0x00, 0x08, 0x00, 0x08, 0x00, 0x00, 0x00, 0x00,
    0x00, 0x00, 0x00, 0x08, 0x0c, 0x0f, 0x0f, 0x08, 0x00, 0x00, 0x03, 0x0f, 0x0c, 0x08, 0x00, 0x0e,
    0x0f, 0x09, 0x0c, 0x00, 0x08, 0x0e, 0x0f, 0x01, 0x00, 0x0e, 0x0f, 0x09, 0x60, 0xcc, 0x8f, 0x9f,
    0x9a, 0xf3, 0x73, 0x01, 0x00, 0x0c, 0x0c, 0x08, 0x09, 0x0f, 0x06, 0x00, 0x00, 0x08, 0x00, 0x00,
    0x08, 0x00, 0x00, 0x00, 0x00, 0x02, 0x00, 0x00, 0x00, 0x00, 0x00, 0x00, 0x00, 0x00, 0x00, 0x00,
  },
};

static const uint8_t PICOPRO_SELECTOR_ACID_ICON_FRAMES[][PICOPRO_SELECTOR_ICON_FRAME_BYTES] = {
  { // frame 1
    0x00, 0x00, 0x00, 0x80, 0xe0, 0xf0, 0x38, 0x88, 0xe0, 0xf0, 0x38, 0x88, 0xe0, 0xf0, 0x38, 0x88,
    0xe0, 0xf0, 0x38, 0x88, 0xe0, 0xf0, 0x38, 0x88, 0xe0, 0xf0, 0x38, 0x88, 0xe0, 0xf0, 0x38, 0x88,
    0xc0, 0xe0, 0x70, 0x38, 0x18, 0x08, 0x00, 0x00, 0x00, 0x00, 0x00, 0x00, 0x00, 0x00, 0x00, 0x00,
    0x00, 0x00, 0x00, 0x00, 0x08, 0x18, 0x38, 0x70, 0xe0, 0xc0, 0x88, 0x38, 0xf0, 0x00, 0x00, 0x00,
    0x00, 0x00, 0x00, 0x0f, 0x03, 0xf0, 0xfe, 0x0f, 0x03, 0xf0, 0xfe, 0x0f, 0x03, 0xf0, 0xfe, 0x0f,
    0x03, 0xf0, 0xfe, 0x0f, 0x03, 0xf0, 0xfe, 0x0f, 0x03, 0xf0, 0xfe, 0x0f, 0x03, 0xf0, 0xfe, 0x0f,
    0x01, 0x00, 0x00, 0x00, 0x00, 0x00, 0x3f, 0x3f, 0x3f, 0x00, 0x00, 0x00, 0x00, 0x00, 0x00, 0x00,
    0x00, 0x3f, 0x3f, 0x3f, 0x00, 0x00, 0x00, 0x00, 0x00, 0x01, 0x0f, 0xfe, 0xf0, 0x00, 0x00, 0x00,
    0x00, 0x00, 0x00, 0xf8, 0x60, 0x07, 0x8f, 0xc0, 0xf0, 0x98, 0x8c, 0xfe, 0xfe, 0x00, 0x00, 0x80,
    0xc0, 0x67, 0x2f, 0x60, 0xe0, 0x07, 0x4f, 0xe0, 0xe6, 0x26, 0x00, 0x80, 0xc0, 0x67, 0x2f, 0x60,
    0xe2, 0xfe, 0x3e, 0x02, 0x00, 0x38, 0x70, 0xe0, 0xc0, 0x80, 0x80, 0x80, 0x80, 0x80, 0x80, 0x80,
    0x80, 0xc0, 0xe0, 0x70, 0x38, 0x1f, 0x0c, 0x08, 0x80, 0xc0, 0xf8, 0x3f, 0x87, 0x00, 0x00, 0x00,
    0x00, 0x00, 0x00, 0x08, 0x0c, 0x0f, 0x09, 0x00, 0x00, 0x08, 0x08, 0x0f, 0x0f, 0x08, 0x07, 0x0f,
    0x08, 0x08, 0x0c, 0x0c, 0x00, 0x00, 0x0e, 0x0f, 0x08, 0x00, 0x07, 0x0f, 0x09, 0x08, 0x0c, 0x0f,
    0x0f, 0x09, 0x00, 0x0e, 0x0c, 0x08, 0x00, 0x00, 0x00, 0x01, 0x01, 0x01, 0x01, 0x01, 0x01, 0x01,
    0x01, 0x00, 0x00, 0x00, 0x08, 0x0c, 0x0e, 0x07, 0x03, 0x01, 0x08, 0x0e, 0x07, 0x00, 0x00, 0x00,
  },
  { // frame 2
    0x00, 0x00, 0x00, 0xf0, 0x38, 0x88, 0xe0, 0xf0, 0x38, 0x88, 0xe0, 0xf0, 0x38, 0x88, 0xe0, 0xf0,
    0x38, 0x88, 0xe0, 0xf0, 0x38, 0x88, 0xe0, 0xf0, 0x38, 0x88, 0xe0, 0xf0, 0x38, 0x88, 0xe0, 0xf0,
    0xf8, 0x78, 0x38, 0x18, 0x08, 0x00, 0x00, 0x00, 0x00, 0x00, 0x00, 0x00, 0x00, 0x00, 0x00, 0x00,
    0x00, 0x00, 0x00, 0x08, 0x18, 0x38, 0x70, 0xe0, 0xc8, 0xb8, 0xf0, 0xe0, 0x80, 0x00, 0x00, 0x00,
    0x00, 0x00, 0x00, 0x00, 0xf0, 0xff, 0x03, 0xf0, 0xfe, 0x0f, 0x03, 0xf0, 0xfe, 0x0f, 0x03, 0xf0,
    0xfe, 0x0f, 0x03, 0xf0, 0xfe, 0x0f, 0x03, 0xf0, 0xfe, 0x0f, 0x03, 0xf0, 0xfe, 0xff, 0x0f, 0x01,
    0x00, 0x00, 0x00, 0x00, 0x00, 0x3f, 0x3f, 0x3f, 0x00, 0x00, 0x00, 0x00, 0x00, 0x00, 0x00, 0x00,
    0x3f, 0x3f, 0x3f, 0x00, 0x00, 0x00, 0x00, 0x00, 0x01, 0x0f, 0xfe, 0xf3, 0x0f, 0xfe, 0xf0, 0x00,
    0x00, 0x00, 0x00, 0x80, 0x07, 0x3f, 0x80, 0xc7, 0xf3, 0x98, 0x8c, 0xfe, 0xfe, 0x00, 0x00, 0x87,
    0xcf, 0x68, 0x20, 0x67, 0xef, 0x08, 0x40, 0xe0, 0xe6, 0x26, 0x00, 0x87, 0xcf, 0x6f, 0x28, 0x60,
    0xe2, 0xfe, 0x3e, 0x02, 0x38, 0x70, 0xe0, 0xc0, 0x80, 0x80, 0x80, 0x80, 0x80, 0x80, 0x80, 0x80,
    0xc0, 0xe0, 0x70, 0x38, 0x1f, 0x0c, 0x08, 0x80, 0xc0, 0xf8, 0xbf, 0xe7, 0xf8, 0x3f, 0x07, 0x00,
    0x00, 0x00, 0x00, 0x09, 0x0c, 0x0f, 0x09, 0x00, 0x00, 0x08, 0x08, 0x0f, 0x0f, 0x08, 0x07, 0x0f,
    0x08, 0x08, 0x0c, 0x0c, 0x00, 0x00, 0x0e, 0x0f, 0x08, 0x00, 0x07, 0x0f, 0x09, 0x08, 0x0c, 0x0f,
    0x0f, 0x09, 0x00, 0x0c, 0x08, 0x00, 0x00, 0x00, 0x01, 0x01, 0x01, 0x01, 0x01, 0x01, 0x01, 0x01,
    0x00, 0x00, 0x00, 0x08, 0x0c, 0x0e, 0x07, 0x03, 0x09, 0x0e, 0x07, 0x03, 0x00, 0x00, 0x00, 0x00,
  },
  { // frame 3
    0x00, 0x00, 0x00, 0x80, 0xe0, 0xf0, 0x38, 0x88, 0xe0, 0xf0, 0x38, 0x88, 0xe0, 0xf0, 0x38, 0x88,
    0xe0, 0xf0, 0x38, 0x88, 0xe0, 0xf0, 0x38, 0x88, 0xe0, 0xf0, 0x38, 0x88, 0xe0, 0xf0, 0x38, 0x88,
    0xc0, 0xe0, 0x70, 0x38, 0x18, 0x08, 0x00, 0x00, 0x00, 0x00, 0x00, 0x00, 0x00, 0x00, 0x00, 0x00,
    0x00, 0x00, 0x00, 0x00, 0x08, 0x18, 0x38, 0x70, 0xe0, 0xc0, 0x88, 0x38, 0xf0, 0x00, 0x00, 0x00,
    0x00, 0x00, 0x00, 0x0f, 0x03, 0xf0, 0xfe, 0x0f, 0x03, 0xf0, 0xfe, 0x0f, 0x03, 0xf0, 0xfe, 0x0f,
    0x03, 0xf0, 0xfe, 0x0f, 0x03, 0xf0, 0xfe, 0x0f, 0x03, 0xf0, 0xfe, 0x0f, 0x03, 0xf0, 0xfe, 0x0f,
    0x01, 0x00, 0x00, 0x00, 0x00, 0x00, 0x3f, 0x3f, 0x3f, 0x00, 0x00, 0x00, 0x00, 0x00, 0x00, 0x00,
    0x00, 0x3f, 0x3f, 0x3f, 0x00, 0x00, 0x00, 0x00, 0x00, 0x01, 0x0f, 0xfe, 0xf0, 0x00, 0x00, 0x00,
    0x00, 0x00, 0x00, 0xf8, 0x60, 0x07, 0x8f, 0xc0, 0xf0, 0x98, 0x8c, 0xfe, 0xfe, 0x00, 0x00, 0x80,
    0xc0, 0x67, 0x2f, 0x60, 0xe0, 0x07, 0x4f, 0xe0, 0xe6, 0x26, 0x00, 0x80, 0xc0, 0x67, 0x2f, 0x60,
    0xe2, 0xfe, 0x3e, 0x02, 0x00, 0x38, 0x70, 0xe0, 0xc0, 0x80, 0x80, 0x80, 0x80, 0x80, 0x80, 0x80,
    0x80, 0xc0, 0xe0, 0x70, 0x38, 0x1f, 0x0c, 0x08, 0x80, 0xc0, 0xf8, 0x3f, 0x87, 0x00, 0x00, 0x00,
    0x00, 0x00, 0x00, 0x08, 0x0c, 0x0f, 0x09, 0x00, 0x00, 0x08, 0x08, 0x0f, 0x0f, 0x08, 0x07, 0x0f,
    0x08, 0x08, 0x0c, 0x0c, 0x00, 0x00, 0x0e, 0x0f, 0x08, 0x00, 0x07, 0x0f, 0x09, 0x08, 0x0c, 0x0f,
    0x0f, 0x09, 0x00, 0x0e, 0x0c, 0x08, 0x00, 0x00, 0x00, 0x01, 0x01, 0x01, 0x01, 0x01, 0x01, 0x01,
    0x01, 0x00, 0x00, 0x00, 0x08, 0x0c, 0x0e, 0x07, 0x03, 0x01, 0x08, 0x0e, 0x07, 0x00, 0x00, 0x00,
  },
  { // frame 4
    0x00, 0x00, 0x00, 0xf0, 0x38, 0x88, 0xe0, 0xf0, 0x38, 0x88, 0xe0, 0xf0, 0x38, 0x88, 0xe0, 0xf0,
    0x38, 0x88, 0xe0, 0xf0, 0x38, 0x88, 0xe0, 0xf0, 0x38, 0x88, 0xe0, 0xf0, 0x38, 0x88, 0xe0, 0xf0,
    0xb8, 0xc8, 0xe0, 0x70, 0x38, 0x18, 0x08, 0x00, 0x00, 0x00, 0x00, 0x00, 0x00, 0x00, 0x00, 0x00,
    0x00, 0x00, 0x00, 0x00, 0x00, 0x08, 0x18, 0x38, 0x78, 0xf8, 0xf0, 0xe0, 0x80, 0x00, 0x00, 0x00,
    0x00, 0x00, 0x00, 0x00, 0xf0, 0xff, 0x03, 0xf0, 0xfe, 0x0f, 0x03, 0xf0, 0xfe, 0x0f, 0x03, 0xf0,
    0xfe, 0x0f, 0x03, 0xf0, 0xfe, 0x0f, 0x03, 0xf0, 0xfe, 0x0f, 0x03, 0xf0, 0xfe, 0x0f, 0xf3, 0xfe,
    0x0f, 0x01, 0x00, 0x00, 0x00, 0x00, 0x00, 0x3f, 0x3f, 0x3f, 0x00, 0x00, 0x00, 0x00, 0x00, 0x00,
    0x00, 0x00, 0x3f, 0x3f, 0x3f, 0x00, 0x00, 0x00, 0x00, 0x00, 0x01, 0x0f, 0xff, 0xfe, 0xf0, 0x00,
    0x00, 0x00, 0x00, 0x80, 0x07, 0x3f, 0x80, 0xc7, 0xf3, 0x98, 0x8c, 0xfe, 0xfe, 0x00, 0x00, 0x87,
    0xcf, 0x68, 0x20, 0x67, 0xef, 0x08, 0x40, 0xe0, 0xe6, 0x26, 0x00, 0x87, 0xcf, 0x68, 0x20, 0x60,
    0xe2, 0xfe, 0x3e, 0x02, 0x00, 0x1f, 0x38, 0x70, 0xe0, 0xc0, 0x80, 0x80, 0x80, 0x80, 0x80, 0x80,
    0x80, 0x80, 0xc0, 0xe0, 0x70, 0x38, 0x1f, 0x0c, 0x08, 0x80, 0xc0, 0xf8, 0xff, 0x3f, 0x07, 0x00,
    0x00, 0x00, 0x00, 0x09, 0x0c, 0x0f, 0x09, 0x00, 0x00, 0x08, 0x08, 0x0f, 0x0f, 0x08, 0x07, 0x0f,
    0x08, 0x08, 0x0c, 0x0c, 0x00, 0x00, 0x0e, 0x0f, 0x08, 0x00, 0x07, 0x0f, 0x09, 0x08, 0x0c, 0x0f,
    0x0f, 0x09, 0x00, 0x00, 0x08, 0x0c, 0x08, 0x00, 0x00, 0x00, 0x01, 0x01, 0x01, 0x01, 0x01, 0x01,
    0x01, 0x01, 0x00, 0x00, 0x00, 0x08, 0x0c, 0x0e, 0x0f, 0x0f, 0x07, 0x03, 0x00, 0x00, 0x00, 0x00,
  },
};

static const uint8_t PICOPRO_SELECTOR_CALIBRATION_ICON_FRAMES[][PICOPRO_SELECTOR_ICON_FRAME_BYTES] = {
  { // frame 1
    0x00, 0x00, 0x00, 0x00, 0x00, 0x00, 0x00, 0x00, 0x00, 0x00, 0x00, 0x00, 0x00, 0x00, 0x00, 0x00,
    0x00, 0x00, 0x00, 0x00, 0x00, 0x00, 0x00, 0x00, 0x00, 0x00, 0x00, 0x00, 0x00, 0x00, 0x00, 0x00,
    0x00, 0x00, 0x00, 0x00, 0x00, 0x00, 0x00, 0x00, 0x00, 0x00, 0x00, 0x00, 0x00, 0x00, 0x00, 0x00,
    0x00, 0x00, 0x00, 0x00, 0x00, 0x00, 0x00, 0x00, 0x00, 0x00, 0x00, 0x00, 0x00, 0x00, 0x00, 0x00,
    0x00, 0x00, 0x00, 0x00, 0x00, 0x00, 0x00, 0x00, 0x00, 0x00, 0x00, 0x00, 0x00, 0x00, 0x00, 0x00,
    0x00, 0x00, 0x00, 0x00, 0x00, 0x00, 0x00, 0x00, 0x00, 0x00, 0x00, 0x00, 0x00, 0x00, 0x00, 0x00,
    0x00, 0x00, 0x00, 0x00, 0x00, 0x00, 0x00, 0x00, 0x00, 0x00, 0x00, 0x00, 0x00, 0x00, 0x00, 0x00,
    0x00, 0x00, 0x00, 0x00, 0x00, 0x00, 0x00, 0x00, 0x00, 0x00, 0x00, 0x00, 0x00, 0x00, 0x00, 0x00,
    0x00, 0x00, 0x00, 0xc0, 0xe0, 0xf8, 0x3c, 0x0e, 0x06, 0x02, 0x06, 0x06, 0x1c, 0x0e, 0x80, 0xc0,
    0x60, 0x60, 0xc0, 0xc0, 0x40, 0x00, 0x00, 0xc0, 0xf2, 0x3e, 0x06, 0xc2, 0xc0, 0xc0, 0xcc, 0x0e,
    0x00, 0x00, 0x00, 0x00, 0x00, 0x00, 0x00, 0x00, 0x00, 0x00, 0x00, 0x00, 0x00, 0x00, 0x00, 0x00,
    0x00, 0x00, 0x00, 0x00, 0x00, 0x00, 0x00, 0x00, 0x00, 0x00, 0x00, 0x00, 0x00, 0x00, 0x00, 0x00,
    0x00, 0x00, 0x00, 0x01, 0x07, 0x0f, 0x0c, 0x08, 0x08, 0x0c, 0x0e, 0x07, 0x00, 0x06, 0x0f, 0x0d,
    0x08, 0x0c, 0x0f, 0x0f, 0x0c, 0x00, 0x0e, 0x0f, 0x0d, 0x0c, 0x00, 0x00, 0x0f, 0x0f, 0x0c, 0x00,
    0x00, 0x0c, 0x0c, 0x00, 0x00, 0x00, 0x00, 0x00, 0x00, 0x00, 0x00, 0x00, 0x00, 0x00, 0x00, 0x00,
    0x00, 0x00, 0x00, 0x00, 0x00, 0x00, 0x00, 0x00, 0x00, 0x00, 0x00, 0x00, 0x00, 0x00, 0x00, 0x00,
  },
};

static const uint8_t PICOPRO_SELECTOR_GLITCH_ICON_FRAMES[][PICOPRO_SELECTOR_ICON_FRAME_BYTES] = {
  { // frame 1
    0x00, 0x00, 0x00, 0x00, 0x00, 0x00, 0x00, 0x00, 0x00, 0x00, 0x00, 0x00, 0x00, 0x00, 0x00, 0x00,
    0x00, 0x00, 0x00, 0x00, 0x00, 0x00, 0x00, 0x00, 0x00, 0x00, 0x00, 0x00, 0x00, 0x00, 0x00, 0x00,
    0x00, 0x00, 0x00, 0x00, 0x00, 0x00, 0x00, 0x00, 0x00, 0x00, 0x00, 0x00, 0x00, 0x00, 0x00, 0x00,
    0x00, 0x00, 0x00, 0x00, 0x00, 0x00, 0x00, 0x00, 0x00, 0x00, 0x00, 0x00, 0x00, 0x00, 0x00, 0x00,
    0x00, 0x00, 0x00, 0x00, 0x00, 0x00, 0x00, 0x00, 0x00, 0x00, 0x00, 0x00, 0x00, 0x00, 0x00, 0x00,
    0x00, 0x00, 0x00, 0x00, 0x00, 0x00, 0x00, 0x00, 0x00, 0x00, 0x00, 0x00, 0x00, 0x00, 0x00, 0x00,
    0x00, 0x00, 0x00, 0x00, 0x00, 0x00, 0x00, 0x00, 0x00, 0x00, 0x00, 0x00, 0x00, 0x00, 0x00, 0x00,
    0x00, 0x00, 0x00, 0x00, 0x00, 0x00, 0x00, 0x00, 0x00, 0x00, 0x00, 0x00, 0x00, 0x00, 0x00, 0x00,
    0x00, 0x00, 0x00, 0xe0, 0xf0, 0xf8, 0x1c, 0x06, 0x02, 0x02, 0x82, 0x86, 0x8c, 0x9e, 0x00, 0x80,
    0xf2, 0xfe, 0x1e, 0x02, 0x40, 0xe0, 0xe6, 0x06, 0x20, 0x20, 0xf0, 0xf8, 0x28, 0x20, 0x00, 0xc0,
    0xc0, 0x60, 0x20, 0x60, 0xe0, 0x00, 0x80, 0xf2, 0xfe, 0x5e, 0x42, 0xe0, 0xe0, 0x00, 0x00, 0x00,
    0x00, 0x00, 0x00, 0x00, 0x00, 0x00, 0x00, 0x00, 0x00, 0x00, 0x00, 0x00, 0x00, 0x00, 0x00, 0x00,
    0x00, 0x00, 0x00, 0x03, 0x07, 0x0f, 0x0c, 0x08, 0x08, 0x08, 0x0c, 0x0f, 0x03, 0x00, 0x0c, 0x0f,
    0x0b, 0x00, 0x00, 0x00, 0x0e, 0x0f, 0x08, 0x00, 0x00, 0x0f, 0x0f, 0x08, 0x04, 0x00, 0x07, 0x0f,
    0x0c, 0x08, 0x08, 0x0c, 0x00, 0x0c, 0x0f, 0x07, 0x01, 0x00, 0x0e, 0x0f, 0x09, 0x04, 0x00, 0x00,
    0x00, 0x00, 0x00, 0x00, 0x00, 0x00, 0x00, 0x00, 0x00, 0x00, 0x00, 0x00, 0x00, 0x00, 0x00, 0x00,
  },
  { // frame 2
    0x00, 0x00, 0x00, 0x00, 0x00, 0x00, 0x00, 0x00, 0x00, 0x00, 0x00, 0x00, 0x00, 0x00, 0x00, 0x00,
    0x00, 0x00, 0x00, 0x00, 0x00, 0x00, 0x00, 0x00, 0x00, 0x00, 0x00, 0x00, 0x00, 0x00, 0x00, 0x00,
    0x00, 0x00, 0x00, 0x00, 0x00, 0x00, 0x00, 0x00, 0x00, 0x00, 0x00, 0x00, 0x00, 0x00, 0x00, 0x00,
    0x00, 0x00, 0x00, 0x00, 0x00, 0x00, 0x00, 0x00, 0x00, 0x00, 0x00, 0x00, 0x00, 0x00, 0x00, 0x00,
    0x00, 0x00, 0x00, 0x00, 0x00, 0x00, 0x00, 0x00, 0x00, 0x00, 0x00, 0x00, 0x00, 0x00, 0x00, 0x00,
    0x00, 0x00, 0x00, 0x00, 0x00, 0x00, 0x00, 0x00, 0x00, 0x00, 0x00, 0x00, 0x00, 0x00, 0x00, 0x00,
    0x00, 0x00, 0x00, 0x00, 0x00, 0x00, 0x00, 0x00, 0x00, 0x00, 0x00, 0x00, 0x00, 0x00, 0x00, 0x00,
    0x00, 0x00, 0x00, 0x00, 0x00, 0x00, 0x00, 0x00, 0x00, 0x00, 0x00, 0x00, 0x00, 0x00, 0x00, 0x00,
    0x00, 0x00, 0x00, 0xe0, 0xf0, 0xf8, 0x1c, 0x06, 0x02, 0x02, 0x82, 0x86, 0x8c, 0x9e, 0x00, 0x80,
    0xf2, 0xfe, 0x1e, 0x02, 0x40, 0xe0, 0xe6, 0x06, 0x20, 0x20, 0xf0, 0xf8, 0x28, 0x20, 0x00, 0xc0,
    0xc0, 0x60, 0x20, 0x60, 0xe0, 0x00, 0x80, 0xf2, 0xfe, 0x5e, 0x42, 0xe0, 0xe0, 0x00, 0x00, 0x00,
    0x00, 0x00, 0x00, 0x00, 0x00, 0x00, 0x00, 0x00, 0x00, 0x00, 0x00, 0x00, 0x00, 0x00, 0x00, 0x00,
    0x00, 0x00, 0x00, 0x03, 0x07, 0x0f, 0x0c, 0x08, 0x08, 0x08, 0x0c, 0x0f, 0x03, 0x00, 0x0c, 0x0f,
    0x0b, 0x00, 0x00, 0x00, 0x0e, 0x0f, 0x08, 0x00, 0x00, 0x0f, 0x0f, 0x08, 0x04, 0x00, 0x07, 0x0f,
    0x0c, 0x08, 0x08, 0x0c, 0x00, 0x0c, 0x0f, 0x07, 0x01, 0x00, 0x0e, 0x0f, 0x09, 0x04, 0x00, 0x00,
    0x00, 0x00, 0x00, 0x00, 0x00, 0x00, 0x00, 0x00, 0x00, 0x00, 0x00, 0x00, 0x00, 0x00, 0x00, 0x00,
  },
  { // frame 3
    0x00, 0x00, 0x00, 0x00, 0x00, 0x00, 0x00, 0x00, 0x00, 0x00, 0x00, 0x00, 0x00, 0x00, 0x00, 0x00,
    0x00, 0x00, 0x00, 0x00, 0x00, 0x00, 0x00, 0x00, 0x00, 0x00, 0x00, 0x00, 0x00, 0x00, 0x00, 0x00,
    0x00, 0x00, 0x00, 0x00, 0x00, 0x00, 0x00, 0x00, 0x00, 0x00, 0x00, 0x00, 0x00, 0x00, 0x00, 0x00,
    0x00, 0x00, 0x00, 0x00, 0x00, 0x00, 0x00, 0x00, 0x00, 0x00, 0x00, 0x00, 0x00, 0x00, 0x00, 0x00,
    0x00, 0x00, 0x00, 0x00, 0x00, 0x00, 0x00, 0x00, 0x00, 0x00, 0x00, 0x00, 0x00, 0x00, 0x00, 0x00,
    0x00, 0x00, 0x00, 0x00, 0x00, 0x00, 0x00, 0x00, 0x00, 0x00, 0x00, 0x00, 0x00, 0x00, 0x00, 0x00,
    0x00, 0x00, 0x00, 0x00, 0x00, 0x00, 0x00, 0x00, 0x00, 0x00, 0x00, 0x00, 0x00, 0x00, 0x00, 0x00,
    0x00, 0x00, 0x00, 0x00, 0x00, 0x00, 0x00, 0x00, 0x00, 0x00, 0x00, 0x00, 0x00, 0x00, 0x00, 0x00,
    0x00, 0x00, 0x00, 0xe0, 0xf0, 0xf8, 0x1c, 0x06, 0x02, 0x02, 0x82, 0x86, 0x8c, 0x9e, 0x00, 0x80,
    0xf2, 0xfe, 0x1e, 0x02, 0x40, 0xe0, 0xe6, 0x06, 0x20, 0x20, 0xf0, 0xf8, 0x28, 0x20, 0x00, 0xc0,
    0xc0, 0x60, 0x20, 0x60, 0xe0, 0x00, 0x80, 0xf2, 0xfe, 0x5e, 0x42, 0xe0, 0xe0, 0x00, 0x00, 0x00,
    0x00, 0x00, 0x00, 0x00, 0x00, 0x00, 0x00, 0x00, 0x00, 0x00, 0x00, 0x00, 0x00, 0x00, 0x00, 0x00,
    0x00, 0x00, 0x00, 0x03, 0x07, 0x0f, 0x0c, 0x08, 0x08, 0x08, 0x0c, 0x0f, 0x03, 0x00, 0x0c, 0x0f,
    0x0b, 0x00, 0x00, 0x00, 0x0e, 0x0f, 0x08, 0x00, 0x00, 0x0f, 0x0f, 0x08, 0x04, 0x00, 0x07, 0x0f,
    0x0c, 0x08, 0x08, 0x0c, 0x00, 0x0c, 0x0f, 0x07, 0x01, 0x00, 0x0e, 0x0f, 0x09, 0x04, 0x00, 0x00,
    0x00, 0x00, 0x00, 0x00, 0x00, 0x00, 0x00, 0x00, 0x00, 0x00, 0x00, 0x00, 0x00, 0x00, 0x00, 0x00,
  },
  { // frame 4
    0x00, 0x00, 0x00, 0x00, 0x00, 0x00, 0x00, 0x00, 0x00, 0x00, 0x00, 0x00, 0x00, 0x00, 0x00, 0x00,
    0x00, 0x00, 0x00, 0x00, 0x00, 0x00, 0x00, 0x00, 0x00, 0x00, 0x00, 0x00, 0x00, 0x00, 0x00, 0x00,
    0x00, 0x00, 0x00, 0x00, 0x00, 0x00, 0x00, 0x00, 0x00, 0x00, 0x00, 0x00, 0x00, 0x00, 0x00, 0x00,
    0x00, 0x00, 0x00, 0x00, 0x00, 0x00, 0x00, 0x00, 0x00, 0x00, 0x00, 0x00, 0x00, 0x00, 0x00, 0x00,
    0x00, 0x00, 0x00, 0x0c, 0x8c, 0xcc, 0xec, 0x70, 0x10, 0x00, 0x00, 0x18, 0x38, 0x78, 0x70, 0x00,
    0x8c, 0xfc, 0xf8, 0xf0, 0x80, 0x8c, 0x9c, 0x1c, 0x10, 0x80, 0x8c, 0xcc, 0xe4, 0xa0, 0x80, 0x0c,
    0x0c, 0x84, 0x80, 0x80, 0x84, 0x84, 0x08, 0xcc, 0xfc, 0xfc, 0xb4, 0x8c, 0x8c, 0x8c, 0x00, 0x00,
    0x00, 0x00, 0x00, 0x00, 0x00, 0x00, 0x00, 0x00, 0x00, 0x00, 0x00, 0x00, 0x00, 0x00, 0x00, 0x00,
    0x00, 0x00, 0x00, 0xc0, 0xf0, 0xf0, 0xf8, 0x1e, 0x06, 0x02, 0x02, 0x94, 0x9c, 0x9c, 0x0c, 0x10,
    0xf0, 0xfe, 0xbe, 0x1e, 0x10, 0xd0, 0xe4, 0xd6, 0x14, 0x30, 0xf0, 0xf0, 0xf8, 0x30, 0x10, 0x90,
    0xff, 0xf1, 0x30, 0x38, 0x79, 0x09, 0xfe, 0xff, 0xff, 0xef, 0x7f, 0xff, 0xff, 0xeb, 0x68, 0x10,
    0x10, 0x00, 0x00, 0x00, 0x00, 0x00, 0x00, 0x00, 0x00, 0x00, 0x00, 0x00, 0x00, 0x00, 0x00, 0x00,
    0x00, 0x00, 0x00, 0x03, 0x07, 0x0f, 0x0f, 0x08, 0x08, 0x08, 0x08, 0x0f, 0x0f, 0x01, 0x08, 0x0f,
    0x0f, 0x03, 0x00, 0x00, 0x0c, 0x0e, 0x09, 0x00, 0x00, 0x0e, 0x0f, 0x0f, 0x08, 0x00, 0x06, 0x0f,
    0x0f, 0x07, 0x07, 0x06, 0x02, 0x07, 0x07, 0x03, 0x03, 0x01, 0x07, 0x07, 0x07, 0x03, 0x02, 0x01,
    0x00, 0x00, 0x00, 0x00, 0x00, 0x00, 0x00, 0x00, 0x00, 0x00, 0x00, 0x00, 0x00, 0x00, 0x00, 0x00,
  },
  { // frame 5
    0x00, 0x00, 0x00, 0x00, 0x00, 0x00, 0x00, 0x00, 0x00, 0x00, 0x00, 0x00, 0x00, 0x00, 0x00, 0x00,
    0x00, 0x00, 0x00, 0x00, 0x00, 0x00, 0x00, 0x00, 0x00, 0x00, 0x00, 0x00, 0x00, 0x00, 0x00, 0x00,
    0x00, 0x00, 0x00, 0x00, 0x00, 0x00, 0x00, 0x00, 0x00, 0x00, 0x00, 0x00, 0x00, 0x00, 0x00, 0x00,
    0x00, 0x00, 0x00, 0x00, 0x00, 0x00, 0x00, 0x00, 0x00, 0x00, 0x00, 0x00, 0x00, 0x00, 0x00, 0x00,
    0x00, 0x00, 0x00, 0x0c, 0x8c, 0xcc, 0xec, 0x70, 0x10, 0x00, 0x00, 0x18, 0x38, 0x78, 0x70, 0x00,
    0x8c, 0xfc, 0xf8, 0xf0, 0x80, 0x8c, 0x9c, 0x1c, 0x10, 0x80, 0x8c, 0xcc, 0xe4, 0xa0, 0x80, 0x0c,
    0x0c, 0x84, 0x80, 0x80, 0x84, 0x84, 0x08, 0xcc, 0xfc, 0xfc, 0xb4, 0x8c, 0x8c, 0x8c, 0x00, 0x00,
    0x00, 0x00, 0x00, 0x00, 0x00, 0x00, 0x00, 0x00, 0x00, 0x00, 0x00, 0x00, 0x00, 0x00, 0x00, 0x00,
    0x00, 0x00, 0x00, 0xc0, 0xf0, 0xf0, 0xf8, 0x1e, 0x06, 0x02, 0x02, 0x94, 0x9c, 0x9c, 0x0c, 0x10,
    0xf0, 0xfe, 0xbe, 0x1e, 0x10, 0xd0, 0xe4, 0xd6, 0x14, 0x30, 0xf0, 0xf0, 0xf8, 0x30, 0x10, 0x90,
    0xff, 0xf1, 0x30, 0x38, 0x79, 0x09, 0xfe, 0xff, 0xff, 0xef, 0x7f, 0xff, 0xff, 0xeb, 0x68, 0x10,
    0x10, 0x00, 0x00, 0x00, 0x00, 0x00, 0x00, 0x00, 0x00, 0x00, 0x00, 0x00, 0x00, 0x00, 0x00, 0x00,
    0x00, 0x00, 0x00, 0x03, 0x07, 0x0f, 0x0f, 0x08, 0x08, 0x08, 0x08, 0x0f, 0x0f, 0x01, 0x08, 0x0f,
    0x0f, 0x03, 0x00, 0x00, 0x0c, 0x0e, 0x09, 0x00, 0x00, 0x0e, 0x0f, 0x0f, 0x08, 0x00, 0x06, 0x0f,
    0x0f, 0x07, 0x07, 0x06, 0x02, 0x07, 0x07, 0x03, 0x03, 0x01, 0x07, 0x07, 0x07, 0x03, 0x02, 0x01,
    0x00, 0x00, 0x00, 0x00, 0x00, 0x00, 0x00, 0x00, 0x00, 0x00, 0x00, 0x00, 0x00, 0x00, 0x00, 0x00,
  },
  { // frame 6
    0x00, 0x00, 0x00, 0x00, 0x00, 0x00, 0x00, 0x00, 0x00, 0x00, 0x00, 0x00, 0x00, 0x00, 0x00, 0x00,
    0x00, 0x00, 0x00, 0x00, 0x00, 0x00, 0x00, 0x7c, 0xfc, 0xfc, 0x80, 0x00, 0x00, 0x00, 0x90, 0xf0,
    0x70, 0x00, 0xc0, 0xf8, 0xbc, 0x0c, 0x00, 0x00, 0xe4, 0xfc, 0x8c, 0x00, 0x00, 0xf0, 0xfc, 0x8c,
    0x40, 0x00, 0x70, 0xfc, 0xcc, 0x84, 0x80, 0xc4, 0x0c, 0xc0, 0xf8, 0x7c, 0x1c, 0x04, 0xe4, 0xfc,
    0x00, 0x00, 0x00, 0xc0, 0xe0, 0xf0, 0xf8, 0x1c, 0x04, 0x04, 0x04, 0x04, 0x0c, 0x1c, 0x1c, 0x00,
    0xe0, 0xfc, 0xbc, 0x1c, 0x00, 0xc0, 0xc4, 0xcc, 0x04, 0x41, 0xe1, 0xf1, 0xf1, 0x41, 0x01, 0x81,
    0x80, 0xc0, 0x40, 0x60, 0xe0, 0xc0, 0x00, 0xe0, 0xfe, 0xfe, 0x5e, 0xc0, 0xe0, 0xc0, 0x00, 0x00,
    0x00, 0x00, 0x00, 0x00, 0x00, 0x00, 0x00, 0x00, 0x00, 0x00, 0x00, 0x00, 0x00, 0x00, 0x00, 0x00,
    0x00, 0x00, 0x00, 0x00, 0x20, 0x30, 0x38, 0x1c, 0x06, 0x02, 0x02, 0x06, 0x0c, 0x1c, 0x1c, 0x00,
    0x20, 0x3e, 0x3e, 0x1e, 0x00, 0x00, 0x24, 0x06, 0x04, 0x20, 0x20, 0x30, 0x38, 0x20, 0x00, 0x00,
    0x1f, 0x18, 0x10, 0x18, 0x08, 0x08, 0x0f, 0x0f, 0x07, 0x01, 0x0c, 0x0f, 0x0f, 0x09, 0x00, 0x00,
    0x00, 0x00, 0x00, 0x00, 0x00, 0x00, 0x00, 0x00, 0x00, 0x00, 0x00, 0x00, 0x00, 0x00, 0x00, 0x00,
    0x00, 0x00, 0x00, 0x00, 0x00, 0x00, 0x00, 0x00, 0x00, 0x00, 0x00, 0x00, 0x00, 0x00, 0x00, 0x00,
    0x00, 0x00, 0x00, 0x00, 0x00, 0x00, 0x00, 0x00, 0x00, 0x00, 0x00, 0x00, 0x00, 0x00, 0x00, 0x00,
    0x00, 0x00, 0x00, 0x00, 0x00, 0x00, 0x00, 0x00, 0x00, 0x00, 0x00, 0x00, 0x00, 0x00, 0x00, 0x00,
    0x00, 0x00, 0x00, 0x00, 0x00, 0x00, 0x00, 0x00, 0x00, 0x00, 0x00, 0x00, 0x00, 0x00, 0x00, 0x00,
  },
  { // frame 7
    0x00, 0x00, 0x00, 0x60, 0xe0, 0xe0, 0xe0, 0x00, 0x00, 0x00, 0x00, 0xe0, 0xe0, 0x00, 0x80, 0xe0,
    0xe0, 0x20, 0x00, 0x00, 0xc0, 0xe0, 0x80, 0x00, 0x00, 0xe0, 0xe0, 0xe0, 0x80, 0x00, 0x60, 0xe0,
    0xe0, 0xe0, 0x80, 0x00, 0x80, 0x80, 0xe0, 0xe0, 0x60, 0x00, 0xc0, 0xe0, 0xe0, 0x80, 0x00, 0x00,
    0x00, 0x00, 0x00, 0x00, 0x00, 0x00, 0x00, 0x00, 0x00, 0x00, 0x00, 0x00, 0x00, 0x00, 0x00, 0x00,
    0x00, 0x00, 0x00, 0x00, 0x00, 0x01, 0x03, 0x03, 0x01, 0x01, 0x01, 0x01, 0x03, 0xf2, 0xfa, 0xfd,
    0x0d, 0x03, 0x03, 0x03, 0x41, 0xc1, 0xc5, 0x4d, 0x00, 0xc0, 0xf9, 0x7d, 0x0f, 0x01, 0x20, 0xf0,
    0xf0, 0x71, 0x01, 0x11, 0x91, 0xf8, 0x11, 0x00, 0xc2, 0xe2, 0x32, 0x11, 0x11, 0x30, 0x30, 0x00,
    0xe0, 0xfd, 0x7d, 0x25, 0xb0, 0xf0, 0x70, 0x00, 0x00, 0x00, 0x00, 0x00, 0x00, 0x00, 0x00, 0x00,
    0x00, 0x00, 0x00, 0xc0, 0xe0, 0xf0, 0xf8, 0x1c, 0x06, 0x02, 0x02, 0x86, 0x8c, 0x9c, 0x1c, 0x00,
    0xe0, 0xfe, 0xbe, 0x1e, 0x00, 0xc0, 0xe4, 0xc6, 0x04, 0x20, 0xe0, 0xf0, 0xf8, 0x20, 0x00, 0x80,
    0x47, 0x23, 0x03, 0x3a, 0x7e, 0x66, 0x43, 0x43, 0x63, 0x07, 0x63, 0x7f, 0x3f, 0x0f, 0x02, 0x72,
    0x7f, 0x4f, 0x20, 0x00, 0x00, 0x00, 0x00, 0x00, 0x00, 0x00, 0x00, 0x00, 0x00, 0x00, 0x00, 0x00,
    0x00, 0x00, 0x00, 0x03, 0x07, 0x07, 0x07, 0x00, 0x00, 0x00, 0x00, 0x07, 0x07, 0x01, 0x80, 0xc7,
    0xe7, 0x73, 0x18, 0x08, 0x0c, 0x1e, 0x31, 0x70, 0x70, 0x06, 0x07, 0xdf, 0xf8, 0x78, 0x0e, 0x07,
    0x00, 0x00, 0x00, 0x00, 0x00, 0x00, 0x00, 0x00, 0x00, 0x00, 0x00, 0x00, 0x00, 0x00, 0x00, 0x00,
    0x00, 0x00, 0x00, 0x00, 0x00, 0x00, 0x00, 0x00, 0x00, 0x00, 0x00, 0x00, 0x00, 0x00, 0x00, 0x00,
  },
  { // frame 8
    0x00, 0x00, 0x00, 0x60, 0xe0, 0xe0, 0xe0, 0x00, 0x00, 0x00, 0x00, 0xe0, 0xe0, 0x00, 0x80, 0xe0,
    0xe0, 0x20, 0x00, 0x00, 0xc0, 0xe0, 0x80, 0x00, 0x00, 0xe0, 0xe0, 0xe0, 0x80, 0x00, 0x60, 0xe0,
    0xe0, 0xe0, 0x80, 0x00, 0x80, 0x80, 0xe0, 0xe0, 0x60, 0x00, 0xc0, 0xe0, 0xe0, 0x80, 0x00, 0x00,
    0x00, 0x00, 0x00, 0x00, 0x00, 0x00, 0x00, 0x00, 0x00, 0x00, 0x00, 0x00, 0x00, 0x00, 0x00, 0x00,
    0x00, 0x00, 0x00, 0x00, 0x00, 0x01, 0x03, 0x03, 0x01, 0x01, 0x01, 0x01, 0x03, 0xf2, 0xfa, 0xfd,
    0x0d, 0x03, 0x03, 0x03, 0x41, 0xc1, 0xc5, 0x4d, 0x00, 0xc0, 0xf9, 0x7d, 0x0f, 0x01, 0x20, 0xf0,
    0xf0, 0x71, 0x01, 0x11, 0x91, 0xf8, 0x11, 0x00, 0xc2, 0xe2, 0x32, 0x11, 0x11, 0x30, 0x30, 0x00,
    0xe0, 0xfd, 0x7d, 0x25, 0xb0, 0xf0, 0x70, 0x00, 0x00, 0x00, 0x00, 0x00, 0x00, 0x00, 0x00, 0x00,
    0x00, 0x00, 0x00, 0xc0, 0xe0, 0xf0, 0xf8, 0x1c, 0x06, 0x02, 0x02, 0x86, 0x8c, 0x9c, 0x1c, 0x00,
    0xe0, 0xfe, 0xbe, 0x1e, 0x00, 0xc0, 0xe4, 0xc6, 0x04, 0x20, 0xe0, 0xf0, 0xf8, 0x20, 0x00, 0x80,
    0x47, 0x23, 0x03, 0x3a, 0x7e, 0x66, 0x43, 0x43, 0x63, 0x07, 0x63, 0x7f, 0x3f, 0x0f, 0x02, 0x72,
    0x7f, 0x4f, 0x20, 0x00, 0x00, 0x00, 0x00, 0x00, 0x00, 0x00, 0x00, 0x00, 0x00, 0x00, 0x00, 0x00,
    0x00, 0x00, 0x00, 0x03, 0x07, 0x07, 0x07, 0x00, 0x00, 0x00, 0x00, 0x07, 0x07, 0x01, 0x80, 0xc7,
    0xe7, 0x73, 0x18, 0x08, 0x0c, 0x1e, 0x31, 0x70, 0x70, 0x06, 0x07, 0xdf, 0xf8, 0x78, 0x0e, 0x07,
    0x00, 0x00, 0x00, 0x00, 0x00, 0x00, 0x00, 0x00, 0x00, 0x00, 0x00, 0x00, 0x00, 0x00, 0x00, 0x00,
    0x00, 0x00, 0x00, 0x00, 0x00, 0x00, 0x00, 0x00, 0x00, 0x00, 0x00, 0x00, 0x00, 0x00, 0x00, 0x00,
  },
  { // frame 9
    0x00, 0x00, 0x00, 0x00, 0x80, 0x20, 0x00, 0x00, 0x00, 0x00, 0x00, 0x00, 0x10, 0x00, 0x00, 0x00,
    0x00, 0x08, 0x40, 0x10, 0x00, 0x00, 0x00, 0x00, 0x06, 0x82, 0xa1, 0xc0, 0x00, 0x00, 0x00, 0x00,
    0x00, 0x80, 0x00, 0x00, 0x00, 0x00, 0x00, 0x00, 0x00, 0x00, 0x00, 0x02, 0x00, 0x80, 0x00, 0x00,
    0x06, 0x00, 0x00, 0x00, 0x00, 0x00, 0x00, 0x00, 0x00, 0x00, 0x00, 0x40, 0x08, 0x04, 0x00, 0x00,
    0x00, 0x00, 0x00, 0x04, 0x01, 0x00, 0x20, 0x20, 0x20, 0x20, 0x20, 0x22, 0x04, 0x00, 0x00, 0x00,
    0x00, 0x00, 0x00, 0x00, 0x00, 0x00, 0x01, 0x00, 0x00, 0x00, 0x06, 0x21, 0x00, 0x00, 0x00, 0x00,
    0x00, 0x10, 0x00, 0x00, 0x00, 0x00, 0x10, 0x00, 0x08, 0x02, 0x00, 0x00, 0x08, 0x00, 0x00, 0x00,
    0x00, 0x00, 0x00, 0x00, 0x00, 0x00, 0x00, 0x00, 0x00, 0x00, 0x00, 0x00, 0x00, 0x00, 0x00, 0x00,
    0x00, 0x00, 0x00, 0x40, 0x60, 0xd0, 0xf8, 0x18, 0x02, 0x02, 0x02, 0x82, 0x8c, 0x8c, 0x1c, 0x00,
    0xe0, 0xbe, 0x9e, 0x1e, 0x00, 0xc0, 0xa4, 0xc6, 0x04, 0x20, 0xe0, 0xf0, 0xf0, 0x20, 0x00, 0x00,
    0x80, 0x60, 0x20, 0x20, 0x60, 0x00, 0x80, 0xf0, 0xfe, 0x7e, 0x4e, 0xa0, 0xe0, 0xe0, 0x00, 0x00,
    0x00, 0x00, 0x00, 0x00, 0x00, 0x00, 0x00, 0x00, 0x00, 0x00, 0x00, 0x00, 0x00, 0x00, 0x00, 0x00,
    0x00, 0x00, 0x00, 0x03, 0x03, 0x0f, 0x0f, 0x08, 0x08, 0x00, 0x08, 0x07, 0x0b, 0x00, 0x08, 0x0b,
    0x0b, 0x02, 0x00, 0x00, 0x08, 0x0a, 0x09, 0x00, 0x00, 0x0a, 0x0b, 0x0b, 0x08, 0x00, 0x02, 0x09,
    0x0b, 0x08, 0x08, 0x08, 0x00, 0x00, 0x0b, 0x03, 0x01, 0x00, 0x02, 0x0b, 0x0b, 0x00, 0x00, 0x00,
    0x00, 0x00, 0x00, 0x00, 0x00, 0x00, 0x00, 0x00, 0x00, 0x00, 0x00, 0x00, 0x00, 0x00, 0x00, 0x00,
  },
  { // frame 10
    0x00, 0x00, 0x00, 0x00, 0x00, 0x00, 0x00, 0x00, 0x00, 0x00, 0x00, 0x00, 0x00, 0x00, 0x00, 0x00,
    0x00, 0x00, 0x00, 0x00, 0x00, 0x00, 0x08, 0x0c, 0x0e, 0x03, 0x01, 0x01, 0x01, 0x03, 0x06, 0x0f,
    0x0f, 0x00, 0x00, 0x09, 0x0f, 0x0f, 0x00, 0x00, 0x03, 0x01, 0x00, 0x08, 0x0c, 0x0c, 0x00, 0x00,
    0x00, 0x00, 0x00, 0x00, 0x00, 0x08, 0x00, 0x00, 0x00, 0x0d, 0x0f, 0x07, 0x00, 0x08, 0x00, 0x00,
    0x01, 0x41, 0xc1, 0xc6, 0x4f, 0x02, 0xc2, 0xf9, 0x7d, 0x0d, 0x01, 0x20, 0xf0, 0x71, 0x01, 0x10,
    0x92, 0xfa, 0x7e, 0x14, 0x10, 0x82, 0xe2, 0x62, 0x32, 0x10, 0x32, 0x72, 0x02, 0xc2, 0xf9, 0xff,
    0xff, 0x2f, 0x23, 0xf0, 0xf0, 0x02, 0x02, 0x02, 0x02, 0x02, 0x02, 0x02, 0x02, 0x02, 0x00, 0x00,
    0x02, 0x02, 0x02, 0x00, 0x02, 0x02, 0x00, 0x02, 0x02, 0x00, 0x00, 0x00, 0x02, 0x02, 0x02, 0x00,
    0x00, 0x00, 0x00, 0xc0, 0xe0, 0xf0, 0xf8, 0x1c, 0x06, 0x02, 0x02, 0x86, 0x8c, 0x9c, 0x1c, 0x00,
    0xe0, 0xfe, 0xbe, 0x1e, 0x00, 0xc0, 0xe4, 0xc6, 0x04, 0x20, 0xe0, 0xf0, 0xf8, 0x20, 0x00, 0x80,
    0x07, 0x60, 0x7c, 0x3f, 0x0f, 0x02, 0x72, 0x7f, 0x4f, 0x20, 0x00, 0x00, 0x00, 0x00, 0x00, 0x00,
    0x00, 0x00, 0x00, 0x00, 0x00, 0x00, 0x00, 0x00, 0x00, 0x00, 0x00, 0x00, 0x00, 0x00, 0x00, 0x00,
    0x00, 0x00, 0x00, 0x03, 0x07, 0x0f, 0x0f, 0x08, 0x08, 0x08, 0x08, 0x0f, 0x0f, 0x01, 0x08, 0x0f,
    0x0f, 0x03, 0x00, 0x00, 0x0c, 0x0e, 0x09, 0x00, 0x00, 0x0e, 0x0f, 0x0f, 0x08, 0x00, 0x06, 0x0f,
    0x00, 0x00, 0x00, 0x00, 0x00, 0x00, 0x00, 0x00, 0x00, 0x00, 0x00, 0x00, 0x00, 0x00, 0x00, 0x00,
    0x00, 0x00, 0x00, 0x00, 0x00, 0x00, 0x00, 0x00, 0x00, 0x00, 0x00, 0x00, 0x00, 0x00, 0x00, 0x00,
  },
  { // frame 11
    0x00, 0x00, 0x00, 0x60, 0xe0, 0xe0, 0xe0, 0x00, 0x00, 0x00, 0x00, 0xe0, 0xe0, 0x00, 0x80, 0xe0,
    0xe0, 0x20, 0x00, 0x00, 0xc0, 0xe0, 0x80, 0x00, 0x00, 0xe0, 0xe0, 0xe0, 0x80, 0x00, 0x60, 0xe0,
    0xe0, 0xe0, 0x80, 0x00, 0x80, 0x80, 0xe0, 0xe0, 0x60, 0x00, 0xc0, 0xe0, 0xe0, 0x80, 0x00, 0x00,
    0x00, 0x00, 0x00, 0x00, 0x00, 0x00, 0x00, 0x00, 0x00, 0x00, 0x00, 0x00, 0x00, 0x00, 0x00, 0x00,
    0x00, 0x00, 0x00, 0x00, 0x00, 0x01, 0x03, 0x03, 0x01, 0x01, 0x01, 0x01, 0x03, 0xf2, 0xfa, 0xfd,
    0x0d, 0x03, 0x03, 0x03, 0x41, 0xc1, 0xc5, 0x4d, 0x00, 0xc0, 0xf9, 0x7d, 0x0f, 0x01, 0x20, 0xf0,
    0xf0, 0x71, 0x01, 0x11, 0x91, 0xf8, 0x11, 0x00, 0xc2, 0xe2, 0x32, 0x11, 0x11, 0x30, 0x30, 0x00,
    0xe0, 0xfd, 0x7d, 0x25, 0xb0, 0xf0, 0x70, 0x00, 0x00, 0x00, 0x00, 0x00, 0x00, 0x00, 0x00, 0x00,
    0x00, 0x00, 0x00, 0xc0, 0xe0, 0xf0, 0xf8, 0x1c, 0x06, 0x02, 0x02, 0x86, 0x8c, 0x9c, 0x1c, 0x00,
    0xe0, 0xfe, 0xbe, 0x1e, 0x00, 0xc0, 0xe4, 0xc6, 0x04, 0x20, 0xe0, 0xf0, 0xf8, 0x20, 0x00, 0x80,
    0x47, 0x23, 0x03, 0x3a, 0x7e, 0x66, 0x43, 0x43, 0x63, 0x07, 0x63, 0x7f, 0x3f, 0x0f, 0x02, 0x72,
    0x7f, 0x4f, 0x20, 0x00, 0x00, 0x00, 0x00, 0x00, 0x00, 0x00, 0x00, 0x00, 0x00, 0x00, 0x00, 0x00,
    0x00, 0x00, 0x00, 0x03, 0x07, 0x07, 0x07, 0x00, 0x00, 0x00, 0x00, 0x07, 0x07, 0x01, 0x80, 0xc7,
    0xe7, 0x73, 0x18, 0x08, 0x0c, 0x1e, 0x31, 0x70, 0x70, 0x06, 0x07, 0xdf, 0xf8, 0x78, 0x0e, 0x07,
    0x00, 0x00, 0x00, 0x00, 0x00, 0x00, 0x00, 0x00, 0x00, 0x00, 0x00, 0x00, 0x00, 0x00, 0x00, 0x00,
    0x00, 0x00, 0x00, 0x00, 0x00, 0x00, 0x00, 0x00, 0x00, 0x00, 0x00, 0x00, 0x00, 0x00, 0x00, 0x00,
  },
  { // frame 12
    0x00, 0x00, 0x00, 0x00, 0x80, 0x20, 0x00, 0x00, 0x00, 0x00, 0x00, 0x00, 0x10, 0x00, 0x00, 0x00,
    0x00, 0x08, 0x40, 0x10, 0x00, 0x00, 0x00, 0x00, 0x06, 0x82, 0xa1, 0xc0, 0x00, 0x00, 0x00, 0x00,
    0x00, 0x80, 0x00, 0x00, 0x00, 0x00, 0x00, 0x00, 0x00, 0x00, 0x00, 0x02, 0x00, 0x80, 0x00, 0x00,
    0x06, 0x00, 0x00, 0x00, 0x00, 0x00, 0x00, 0x00, 0x00, 0x00, 0x00, 0x40, 0x08, 0x04, 0x00, 0x00,
    0x00, 0x00, 0x00, 0x04, 0x01, 0x00, 0x20, 0x20, 0x20, 0x20, 0x20, 0x22, 0x04, 0x00, 0x00, 0x00,
    0x00, 0x00, 0x00, 0x00, 0x00, 0x00, 0x01, 0x00, 0x00, 0x00, 0x06, 0x21, 0x00, 0x00, 0x00, 0x00,
    0x00, 0x10, 0x00, 0x00, 0x00, 0x00, 0x10, 0x00, 0x08, 0x02, 0x00, 0x00, 0x08, 0x00, 0x00, 0x00,
    0x00, 0x00, 0x00, 0x00, 0x00, 0x00, 0x00, 0x00, 0x00, 0x00, 0x00, 0x00, 0x00, 0x00, 0x00, 0x00,
    0x00, 0x00, 0x00, 0x40, 0x60, 0xd0, 0xf8, 0x18, 0x02, 0x02, 0x02, 0x82, 0x8c, 0x8c, 0x1c, 0x00,
    0xe0, 0xbe, 0x9e, 0x1e, 0x00, 0xc0, 0xa4, 0xc6, 0x04, 0x20, 0xe0, 0xf0, 0xf0, 0x20, 0x00, 0x00,
    0x80, 0x60, 0x20, 0x20, 0x60, 0x00, 0x80, 0xf0, 0xfe, 0x7e, 0x4e, 0xa0, 0xe0, 0xe0, 0x00, 0x00,
    0x00, 0x00, 0x00, 0x00, 0x00, 0x00, 0x00, 0x00, 0x00, 0x00, 0x00, 0x00, 0x00, 0x00, 0x00, 0x00,
    0x00, 0x00, 0x00, 0x03, 0x03, 0x0f, 0x0f, 0x08, 0x08, 0x00, 0x08, 0x07, 0x0b, 0x00, 0x08, 0x0b,
    0x0b, 0x02, 0x00, 0x00, 0x08, 0x0a, 0x09, 0x00, 0x00, 0x0a, 0x0b, 0x0b, 0x08, 0x00, 0x02, 0x09,
    0x0b, 0x08, 0x08, 0x08, 0x00, 0x00, 0x0b, 0x03, 0x01, 0x00, 0x02, 0x0b, 0x0b, 0x00, 0x00, 0x00,
    0x00, 0x00, 0x00, 0x00, 0x00, 0x00, 0x00, 0x00, 0x00, 0x00, 0x00, 0x00, 0x00, 0x00, 0x00, 0x00,
  },
  { // frame 13
    0x00, 0x00, 0x00, 0x00, 0x80, 0x20, 0x00, 0x00, 0x00, 0x00, 0x00, 0x00, 0x10, 0x00, 0x00, 0x00,
    0x00, 0x08, 0x40, 0x10, 0x00, 0x00, 0x00, 0x00, 0x06, 0x82, 0xa1, 0xc0, 0x00, 0x00, 0x00, 0x00,
    0x00, 0x80, 0x00, 0x00, 0x00, 0x00, 0x00, 0x00, 0x00, 0x00, 0x00, 0x02, 0x00, 0x80, 0x00, 0x00,
    0x06, 0x00, 0x00, 0x00, 0x00, 0x00, 0x00, 0x00, 0x00, 0x00, 0x00, 0x40, 0x08, 0x04, 0x00, 0x00,
    0x00, 0x00, 0x00, 0x04, 0x01, 0x00, 0x20, 0x20, 0x20, 0x20, 0x20, 0x22, 0x04, 0x00, 0x00, 0x00,
    0x00, 0x00, 0x00, 0x00, 0x00, 0x00, 0x01, 0x00, 0x00, 0x00, 0x06, 0x21, 0x00, 0x00, 0x00, 0x00,
    0x00, 0x10, 0x00, 0x00, 0x00, 0x00, 0x10, 0x00, 0x08, 0x02, 0x00, 0x00, 0x08, 0x00, 0x00, 0x00,
    0x00, 0x00, 0x00, 0x00, 0x00, 0x00, 0x00, 0x00, 0x00, 0x00, 0x00, 0x00, 0x00, 0x00, 0x00, 0x00,
    0x00, 0x00, 0x00, 0x40, 0x60, 0xd0, 0xf8, 0x18, 0x02, 0x02, 0x02, 0x82, 0x8c, 0x8c, 0x1c, 0x00,
    0xe0, 0xbe, 0x9e, 0x1e, 0x00, 0xc0, 0xa4, 0xc6, 0x04, 0x20, 0xe0, 0xf0, 0xf0, 0x20, 0x00, 0x00,
    0x80, 0x60, 0x20, 0x20, 0x60, 0x00, 0x80, 0xf0, 0xfe, 0x7e, 0x4e, 0xa0, 0xe0, 0xe0, 0x00, 0x00,
    0x00, 0x00, 0x00, 0x00, 0x00, 0x00, 0x00, 0x00, 0x00, 0x00, 0x00, 0x00, 0x00, 0x00, 0x00, 0x00,
    0x00, 0x00, 0x00, 0x03, 0x03, 0x0f, 0x0f, 0x08, 0x08, 0x00, 0x08, 0x07, 0x0b, 0x00, 0x08, 0x0b,
    0x0b, 0x02, 0x00, 0x00, 0x08, 0x0a, 0x09, 0x00, 0x00, 0x0a, 0x0b, 0x0b, 0x08, 0x00, 0x02, 0x09,
    0x0b, 0x08, 0x08, 0x08, 0x00, 0x00, 0x0b, 0x03, 0x01, 0x00, 0x02, 0x0b, 0x0b, 0x00, 0x00, 0x00,
    0x00, 0x00, 0x00, 0x00, 0x00, 0x00, 0x00, 0x00, 0x00, 0x00, 0x00, 0x00, 0x00, 0x00, 0x00, 0x00,
  },
};

static const uint8_t PICOPRO_SELECTOR_FLANGER_ICON_FRAMES[][PICOPRO_SELECTOR_ICON_FRAME_BYTES] = {
  { // frame 1
    0x00, 0x00, 0x00, 0xf8, 0x00, 0xf8, 0x00, 0xf8, 0x00, 0xf0, 0x08, 0xe0, 0x10, 0xc8, 0x20, 0x90,
    0x48, 0x20, 0x90, 0x48, 0x20, 0x90, 0x48, 0x20, 0x90, 0x48, 0x28, 0xa8, 0xa8, 0xa8, 0xa8, 0xa8,
    0xa8, 0xa8, 0xa8, 0xa8, 0xa8, 0x28, 0x48, 0x90, 0x20, 0x48, 0x90, 0x20, 0x48, 0x90, 0x20, 0x48,
    0x90, 0x20, 0xc8, 0x10, 0xe0, 0x08, 0xf0, 0x00, 0xf8, 0x00, 0xf8, 0x00, 0xf8, 0x00, 0x00, 0x00,
    0x00, 0x00, 0x00, 0xff, 0x00, 0xff, 0x00, 0xff, 0x00, 0xff, 0x00, 0xff, 0x00, 0xff, 0x00, 0xff,
    0x00, 0xff, 0x00, 0xfe, 0x01, 0xfc, 0x02, 0xf9, 0x04, 0xf2, 0x09, 0xe4, 0x12, 0xca, 0x2a, 0xaa,
    0xaa, 0x2a, 0xca, 0x12, 0xe4, 0x09, 0xf2, 0x04, 0xf9, 0x02, 0xfc, 0x01, 0xfe, 0x00, 0xff, 0x00,
    0xff, 0x00, 0xff, 0x00, 0xff, 0x00, 0xff, 0x00, 0xff, 0x00, 0xff, 0x00, 0xff, 0x00, 0x00, 0x00,
    0x00, 0x00, 0x00, 0xff, 0x00, 0x80, 0xf2, 0x7e, 0x5e, 0x42, 0x62, 0x02, 0x06, 0x86, 0xf0, 0x7e,
    0x0e, 0x02, 0x80, 0xcf, 0x60, 0x2f, 0xa0, 0xef, 0x60, 0x0f, 0x40, 0xe7, 0xe8, 0xc3, 0x44, 0xe5,
    0xe5, 0x44, 0x03, 0x08, 0xc7, 0xe0, 0x6f, 0x20, 0xef, 0xe0, 0x2f, 0x10, 0x8f, 0xc0, 0x6f, 0x20,
    0xef, 0xe0, 0x0f, 0x40, 0x4f, 0xe0, 0x8f, 0xc0, 0x6f, 0x60, 0x4f, 0x00, 0xff, 0x00, 0x00, 0x00,
    0x00, 0x00, 0x00, 0x09, 0x0c, 0x0f, 0x0f, 0x08, 0x00, 0x00, 0x00, 0x00, 0x0c, 0x0f, 0x0b, 0x08,
    0x00, 0x06, 0x0f, 0x09, 0x0c, 0x06, 0x0f, 0x0b, 0x00, 0x00, 0x0e, 0x0f, 0x01, 0x00, 0x0e, 0x0f,
    0x09, 0x04, 0x60, 0xcc, 0x8f, 0x9b, 0x9a, 0xf3, 0xf3, 0x61, 0x00, 0x07, 0x0f, 0x0b, 0x0b, 0x09,
    0x05, 0x00, 0x00, 0x00, 0x0e, 0x0f, 0x01, 0x00, 0x00, 0x00, 0x00, 0x00, 0x0f, 0x00, 0x00, 0x00,
  },
  { // frame 2
    0x00, 0x00, 0x00, 0xf8, 0x00, 0xf8, 0x00, 0xf8, 0x00, 0xf0, 0x08, 0xe0, 0x10, 0xc8, 0x20, 0x90,
    0x48, 0x20, 0x90, 0x48, 0x20, 0x90, 0x48, 0x20, 0x90, 0x48, 0x28, 0xa8, 0xa8, 0xa8, 0xa8, 0xa8,
    0xa8, 0xa8, 0xa8, 0xa8, 0xa8, 0x28, 0x48, 0x90, 0x20, 0x48, 0x90, 0x20, 0x48, 0x90, 0x20, 0x48,
    0x90, 0x20, 0xc8, 0x10, 0xe0, 0x08, 0xf0, 0x00, 0xf8, 0x00, 0xf8, 0x00, 0xf8, 0x00, 0x00, 0x00,
    0x00, 0x00, 0x00, 0xff, 0x00, 0xff, 0x00, 0xff, 0x00, 0xff, 0x00, 0xff, 0x00, 0xff, 0x00, 0xff,
    0x00, 0xff, 0x00, 0xfe, 0x01, 0xfc, 0x02, 0xf9, 0x04, 0xf2, 0x09, 0xe4, 0x12, 0xca, 0xea, 0xea,
    0xea, 0xea, 0xca, 0x12, 0xe4, 0x09, 0xf2, 0x04, 0xf9, 0x02, 0xfc, 0x01, 0xfe, 0x00, 0xff, 0x00,
    0xff, 0x00, 0xff, 0x00, 0xff, 0x00, 0xff, 0x00, 0xff, 0x00, 0xff, 0x00, 0xff, 0x00, 0x00, 0x00,
    0x00, 0x00, 0x00, 0xff, 0x00, 0x80, 0xf2, 0x7e, 0x5e, 0x42, 0x62, 0x02, 0x06, 0x86, 0xf0, 0x7e,
    0x0e, 0x02, 0x80, 0xcf, 0x60, 0x2f, 0xa0, 0xef, 0x60, 0x0f, 0x40, 0xe7, 0xe8, 0xc3, 0x47, 0xe7,
    0xe7, 0x47, 0x03, 0x08, 0xc7, 0xe0, 0x6f, 0x20, 0xef, 0xe0, 0x2f, 0x10, 0x8f, 0xc0, 0x6f, 0x20,
    0xef, 0xe0, 0x0f, 0x40, 0x4f, 0xe0, 0x8f, 0xc0, 0x6f, 0x60, 0x4f, 0x00, 0xff, 0x00, 0x00, 0x00,
    0x00, 0x00, 0x00, 0x09, 0x0c, 0x0f, 0x0f, 0x08, 0x00, 0x00, 0x00, 0x00, 0x0c, 0x0f, 0x0b, 0x08,
    0x00, 0x06, 0x0f, 0x09, 0x0c, 0x06, 0x0f, 0x0b, 0x00, 0x00, 0x0e, 0x0f, 0x01, 0x00, 0x0e, 0x0f,
    0x09, 0x04, 0x60, 0xcc, 0x8f, 0x9b, 0x9a, 0xf3, 0xf3, 0x61, 0x00, 0x07, 0x0f, 0x0b, 0x0b, 0x09,
    0x05, 0x00, 0x00, 0x00, 0x0e, 0x0f, 0x01, 0x00, 0x00, 0x00, 0x00, 0x00, 0x0f, 0x00, 0x00, 0x00,
  },
  { // frame 3
    0x00, 0x00, 0x00, 0xf8, 0x00, 0xf8, 0x00, 0xf8, 0x00, 0xf0, 0x08, 0xe0, 0x10, 0xc8, 0x20, 0x90,
    0x48, 0x20, 0x90, 0x48, 0x20, 0x90, 0x48, 0x20, 0x90, 0x48, 0x28, 0xa8, 0xa8, 0xa8, 0xa8, 0xa8,
    0xa8, 0xa8, 0xa8, 0xa8, 0xa8, 0x28, 0x48, 0x90, 0x20, 0x48, 0x90, 0x20, 0x48, 0x90, 0x20, 0x48,
    0x90, 0x20, 0xc8, 0x10, 0xe0, 0x08, 0xf0, 0x00, 0xf8, 0x00, 0xf8, 0x00, 0xf8, 0x00, 0x00, 0x00,
    0x00, 0x00, 0x00, 0xff, 0x00, 0xff, 0x00, 0xff, 0x00, 0xff, 0x00, 0xff, 0x00, 0xff, 0x00, 0xff,
    0x00, 0xff, 0x00, 0xfe, 0x01, 0xfc, 0x02, 0xf9, 0x04, 0xf2, 0x09, 0xe4, 0xf2, 0xfa, 0x3a, 0xba,
    0xba, 0x3a, 0xfa, 0xf2, 0xe4, 0x09, 0xf2, 0x04, 0xf9, 0x02, 0xfc, 0x01, 0xfe, 0x00, 0xff, 0x00,
    0xff, 0x00, 0xff, 0x00, 0xff, 0x00, 0xff, 0x00, 0xff, 0x00, 0xff, 0x00, 0xff, 0x00, 0x00, 0x00,
    0x00, 0x00, 0x00, 0xff, 0x00, 0x80, 0xf2, 0x7e, 0x5e, 0x42, 0x62, 0x02, 0x06, 0x86, 0xf0, 0x7e,
    0x0e, 0x02, 0x80, 0xcf, 0x60, 0x2f, 0xa0, 0xef, 0x60, 0x0f, 0x40, 0xe7, 0xef, 0xcf, 0x4c, 0xed,
    0xed, 0x4c, 0x0f, 0x0f, 0xc7, 0xe0, 0x6f, 0x20, 0xef, 0xe0, 0x2f, 0x10, 0x8f, 0xc0, 0x6f, 0x20,
    0xef, 0xe0, 0x0f, 0x40, 0x4f, 0xe0, 0x8f, 0xc0, 0x6f, 0x60, 0x4f, 0x00, 0xff, 0x00, 0x00, 0x00,
    0x00, 0x00, 0x00, 0x09, 0x0c, 0x0f, 0x0f, 0x08, 0x00, 0x00, 0x00, 0x00, 0x0c, 0x0f, 0x0b, 0x08,
    0x00, 0x06, 0x0f, 0x09, 0x0c, 0x06, 0x0f, 0x0b, 0x00, 0x00, 0x0e, 0x0f, 0x01, 0x00, 0x0e, 0x0f,
    0x09, 0x04, 0x60, 0xcc, 0x8f, 0x9b, 0x9a, 0xf3, 0xf3, 0x61, 0x00, 0x07, 0x0f, 0x0b, 0x0b, 0x09,
    0x05, 0x00, 0x00, 0x00, 0x0e, 0x0f, 0x01, 0x00, 0x00, 0x00, 0x00, 0x00, 0x0f, 0x00, 0x00, 0x00,
  },
  { // frame 4
    0x00, 0x00, 0x00, 0xf8, 0x00, 0xf8, 0x00, 0xf8, 0x00, 0xf0, 0x08, 0xe0, 0x10, 0xc8, 0x20, 0x90,
    0x48, 0x20, 0x90, 0x48, 0x20, 0x90, 0x48, 0x20, 0x90, 0x48, 0x28, 0xa8, 0xa8, 0xa8, 0xa8, 0xa8,
    0xa8, 0xa8, 0xa8, 0xa8, 0xa8, 0x28, 0x48, 0x90, 0x20, 0x48, 0x90, 0x20, 0x48, 0x90, 0x20, 0x48,
    0x90, 0x20, 0xc8, 0x10, 0xe0, 0x08, 0xf0, 0x00, 0xf8, 0x00, 0xf8, 0x00, 0xf8, 0x00, 0x00, 0x00,
    0x00, 0x00, 0x00, 0xff, 0x00, 0xff, 0x00, 0xff, 0x00, 0xff, 0x00, 0xff, 0x00, 0xff, 0x00, 0xff,
    0x00, 0xff, 0x00, 0xfe, 0x01, 0xfc, 0x02, 0xf9, 0x04, 0xf2, 0xf9, 0xfc, 0x1e, 0xce, 0x2e, 0xae,
    0xae, 0x2e, 0xce, 0x1e, 0xfc, 0xf9, 0xf2, 0x04, 0xf9, 0x02, 0xfc, 0x01, 0xfe, 0x00, 0xff, 0x00,
    0xff, 0x00, 0xff, 0x00, 0xff, 0x00, 0xff, 0x00, 0xff, 0x00, 0xff, 0x00, 0xff, 0x00, 0x00, 0x00,
    0x00, 0x00, 0x00, 0xff, 0x00, 0x80, 0xf2, 0x7e, 0x5e, 0x42, 0x62, 0x02, 0x06, 0x86, 0xf0, 0x7e,
    0x0e, 0x02, 0x80, 0xcf, 0x60, 0x2f, 0xa0, 0xef, 0x60, 0x0f, 0x4f, 0xef, 0xe8, 0xc3, 0x44, 0xe5,
    0xe5, 0x44, 0x03, 0x08, 0xcf, 0xef, 0x6f, 0x20, 0xef, 0xe0, 0x2f, 0x10, 0x8f, 0xc0, 0x6f, 0x20,
    0xef, 0xe0, 0x0f, 0x40, 0x4f, 0xe0, 0x8f, 0xc0, 0x6f, 0x60, 0x4f, 0x00, 0xff, 0x00, 0x00, 0x00,
    0x00, 0x00, 0x00, 0x09, 0x0c, 0x0f, 0x0f, 0x08, 0x00, 0x00, 0x00, 0x00, 0x0c, 0x0f, 0x0b, 0x08,
    0x00, 0x06, 0x0f, 0x09, 0x0c, 0x06, 0x0f, 0x0b, 0x00, 0x00, 0x0e, 0x0f, 0x01, 0x00, 0x0e, 0x0f,
    0x09, 0x04, 0x60, 0xcc, 0x8f, 0x9b, 0x9a, 0xf3, 0xf3, 0x61, 0x00, 0x07, 0x0f, 0x0b, 0x0b, 0x09,
    0x05, 0x00, 0x00, 0x00, 0x0e, 0x0f, 0x01, 0x00, 0x00, 0x00, 0x00, 0x00, 0x0f, 0x00, 0x00, 0x00,
  },
  { // frame 5
    0x00, 0x00, 0x00, 0xf8, 0x00, 0xf8, 0x00, 0xf8, 0x00, 0xf0, 0x08, 0xe0, 0x10, 0xc8, 0x20, 0x90,
    0x48, 0x20, 0x90, 0x48, 0x20, 0x90, 0x48, 0x20, 0x90, 0x48, 0x28, 0xa8, 0xa8, 0xa8, 0xa8, 0xa8,
    0xa8, 0xa8, 0xa8, 0xa8, 0xa8, 0x28, 0x48, 0x90, 0x20, 0x48, 0x90, 0x20, 0x48, 0x90, 0x20, 0x48,
    0x90, 0x20, 0xc8, 0x10, 0xe0, 0x08, 0xf0, 0x00, 0xf8, 0x00, 0xf8, 0x00, 0xf8, 0x00, 0x00, 0x00,
    0x00, 0x00, 0x00, 0xff, 0x00, 0xff, 0x00, 0xff, 0x00, 0xff, 0x00, 0xff, 0x00, 0xff, 0x00, 0xff,
    0x00, 0xff, 0x00, 0xfe, 0x01, 0xfc, 0x02, 0xf9, 0xfc, 0xfe, 0x0f, 0xe7, 0x13, 0xcb, 0x2b, 0xab,
    0xab, 0x2b, 0xcb, 0x13, 0xe7, 0x0f, 0xfe, 0xfc, 0xf9, 0x02, 0xfc, 0x01, 0xfe, 0x00, 0xff, 0x00,
    0xff, 0x00, 0xff, 0x00, 0xff, 0x00, 0xff, 0x00, 0xff, 0x00, 0xff, 0x00, 0xff, 0x00, 0x00, 0x00,
    0x00, 0x00, 0x00, 0xff, 0x00, 0x80, 0xf2, 0x7e, 0x5e, 0x42, 0x62, 0x02, 0x06, 0x86, 0xf0, 0x7e,
    0x0e, 0x02, 0x80, 0xcf, 0x60, 0x2f, 0xa0, 0xef, 0x6f, 0x0f, 0x40, 0xe7, 0xe8, 0xc3, 0x44, 0xe5,
    0xe5, 0x44, 0x03, 0x08, 0xc7, 0xe0, 0x6f, 0x2f, 0xef, 0xe0, 0x2f, 0x10, 0x8f, 0xc0, 0x6f, 0x20,
    0xef, 0xe0, 0x0f, 0x40, 0x4f, 0xe0, 0x8f, 0xc0, 0x6f, 0x60, 0x4f, 0x00, 0xff, 0x00, 0x00, 0x00,
    0x00, 0x00, 0x00, 0x09, 0x0c, 0x0f, 0x0f, 0x08, 0x00, 0x00, 0x00, 0x00, 0x0c, 0x0f, 0x0b, 0x08,
    0x00, 0x06, 0x0f, 0x09, 0x0c, 0x06, 0x0f, 0x0b, 0x00, 0x00, 0x0e, 0x0f, 0x01, 0x00, 0x0e, 0x0f,
    0x09, 0x04, 0x60, 0xcc, 0x8f, 0x9b, 0x9a, 0xf3, 0xf3, 0x61, 0x00, 0x07, 0x0f, 0x0b, 0x0b, 0x09,
    0x05, 0x00, 0x00, 0x00, 0x0e, 0x0f, 0x01, 0x00, 0x00, 0x00, 0x00, 0x00, 0x0f, 0x00, 0x00, 0x00,
  },
  { // frame 6
    0x00, 0x00, 0x00, 0xf8, 0x00, 0xf8, 0x00, 0xf8, 0x00, 0xf0, 0x08, 0xe0, 0x10, 0xc8, 0x20, 0x90,
    0x48, 0x20, 0x90, 0x48, 0x20, 0x90, 0x48, 0x20, 0x90, 0xc8, 0xe8, 0xe8, 0xe8, 0xe8, 0xe8, 0xe8,
    0xe8, 0xe8, 0xe8, 0xe8, 0xe8, 0xe8, 0xc8, 0x90, 0x20, 0x48, 0x90, 0x20, 0x48, 0x90, 0x20, 0x48,
    0x90, 0x20, 0xc8, 0x10, 0xe0, 0x08, 0xf0, 0x00, 0xf8, 0x00, 0xf8, 0x00, 0xf8, 0x00, 0x00, 0x00,
    0x00, 0x00, 0x00, 0xff, 0x00, 0xff, 0x00, 0xff, 0x00, 0xff, 0x00, 0xff, 0x00, 0xff, 0x00, 0xff,
    0x00, 0xff, 0x00, 0xfe, 0x01, 0xfc, 0xfe, 0xff, 0x07, 0xf3, 0x09, 0xe4, 0x12, 0xca, 0x2a, 0xaa,
    0xaa, 0x2a, 0xca, 0x12, 0xe4, 0x09, 0xf3, 0x07, 0xff, 0xfe, 0xfc, 0x01, 0xfe, 0x00, 0xff, 0x00,
    0xff, 0x00, 0xff, 0x00, 0xff, 0x00, 0xff, 0x00, 0xff, 0x00, 0xff, 0x00, 0xff, 0x00, 0x00, 0x00,
    0x00, 0x00, 0x00, 0xff, 0x00, 0x80, 0xf2, 0x7e, 0x5e, 0x42, 0x62, 0x02, 0x06, 0x86, 0xf0, 0x7e,
    0x0e, 0x02, 0x80, 0xcf, 0x60, 0x2f, 0xaf, 0xef, 0x60, 0x0f, 0x40, 0xe7, 0xe8, 0xc3, 0x44, 0xe5,
    0xe5, 0x44, 0x03, 0x08, 0xc7, 0xe0, 0x6f, 0x20, 0xef, 0xef, 0x2f, 0x10, 0x8f, 0xc0, 0x6f, 0x20,
    0xef, 0xe0, 0x0f, 0x40, 0x4f, 0xe0, 0x8f, 0xc0, 0x6f, 0x60, 0x4f, 0x00, 0xff, 0x00, 0x00, 0x00,
    0x00, 0x00, 0x00, 0x09, 0x0c, 0x0f, 0x0f, 0x08, 0x00, 0x00, 0x00, 0x00, 0x0c, 0x0f, 0x0b, 0x08,
    0x00, 0x06, 0x0f, 0x09, 0x0c, 0x06, 0x0f, 0x0b, 0x00, 0x00, 0x0e, 0x0f, 0x01, 0x00, 0x0e, 0x0f,
    0x09, 0x04, 0x60, 0xcc, 0x8f, 0x9b, 0x9a, 0xf3, 0xf3, 0x61, 0x00, 0x07, 0x0f, 0x0b, 0x0b, 0x09,
    0x05, 0x00, 0x00, 0x00, 0x0e, 0x0f, 0x01, 0x00, 0x00, 0x00, 0x00, 0x00, 0x0f, 0x00, 0x00, 0x00,
  },
  { // frame 7
    0x00, 0x00, 0x00, 0xf8, 0x00, 0xf8, 0x00, 0xf8, 0x00, 0xf0, 0x08, 0xe0, 0x10, 0xc8, 0x20, 0x90,
    0x48, 0x20, 0x90, 0x48, 0x20, 0x90, 0xc8, 0xe0, 0xf0, 0x78, 0x38, 0xb8, 0xb8, 0xb8, 0xb8, 0xb8,
    0xb8, 0xb8, 0xb8, 0xb8, 0xb8, 0x38, 0x78, 0xf0, 0xe0, 0xc8, 0x90, 0x20, 0x48, 0x90, 0x20, 0x48,
    0x90, 0x20, 0xc8, 0x10, 0xe0, 0x08, 0xf0, 0x00, 0xf8, 0x00, 0xf8, 0x00, 0xf8, 0x00, 0x00, 0x00,
    0x00, 0x00, 0x00, 0xff, 0x00, 0xff, 0x00, 0xff, 0x00, 0xff, 0x00, 0xff, 0x00, 0xff, 0x00, 0xff,
    0x00, 0xff, 0x00, 0xfe, 0xff, 0xff, 0x03, 0xf9, 0x04, 0xf2, 0x09, 0xe4, 0x12, 0xca, 0x2a, 0xaa,
    0xaa, 0x2a, 0xca, 0x12, 0xe4, 0x09, 0xf2, 0x04, 0xf9, 0x03, 0xff, 0xff, 0xfe, 0x00, 0xff, 0x00,
    0xff, 0x00, 0xff, 0x00, 0xff, 0x00, 0xff, 0x00, 0xff, 0x00, 0xff, 0x00, 0xff, 0x00, 0x00, 0x00,
    0x00, 0x00, 0x00, 0xff, 0x00, 0x80, 0xf2, 0x7e, 0x5e, 0x42, 0x62, 0x02, 0x06, 0x86, 0xf0, 0x7e,
    0x0e, 0x02, 0x80, 0xcf, 0x6f, 0x2f, 0xa0, 0xef, 0x60, 0x0f, 0x40, 0xe7, 0xe8, 0xc3, 0x44, 0xe5,
    0xe5, 0x44, 0x03, 0x08, 0xc7, 0xe0, 0x6f, 0x20, 0xef, 0xe0, 0x2f, 0x1f, 0x8f, 0xc0, 0x6f, 0x20,
    0xef, 0xe0, 0x0f, 0x40, 0x4f, 0xe0, 0x8f, 0xc0, 0x6f, 0x60, 0x4f, 0x00, 0xff, 0x00, 0x00, 0x00,
    0x00, 0x00, 0x00, 0x09, 0x0c, 0x0f, 0x0f, 0x08, 0x00, 0x00, 0x00, 0x00, 0x0c, 0x0f, 0x0b, 0x08,
    0x00, 0x06, 0x0f, 0x09, 0x0c, 0x06, 0x0f, 0x0b, 0x00, 0x00, 0x0e, 0x0f, 0x01, 0x00, 0x0e, 0x0f,
    0x09, 0x04, 0x60, 0xcc, 0x8f, 0x9b, 0x9a, 0xf3, 0xf3, 0x61, 0x00, 0x07, 0x0f, 0x0b, 0x0b, 0x09,
    0x05, 0x00, 0x00, 0x00, 0x0e, 0x0f, 0x01, 0x00, 0x00, 0x00, 0x00, 0x00, 0x0f, 0x00, 0x00, 0x00,
  },
  { // frame 8
    0x00, 0x00, 0x00, 0xf8, 0x00, 0xf8, 0x00, 0xf8, 0x00, 0xf0, 0x08, 0xe0, 0x10, 0xc8, 0x20, 0x90,
    0x48, 0x20, 0x90, 0xc8, 0xe0, 0xf0, 0x78, 0x38, 0x98, 0x48, 0x28, 0xa8, 0xa8, 0xa8, 0xa8, 0xa8,
    0xa8, 0xa8, 0xa8, 0xa8, 0xa8, 0x28, 0x48, 0x98, 0x38, 0x78, 0xf0, 0xe0, 0xc8, 0x90, 0x20, 0x48,
    0x90, 0x20, 0xc8, 0x10, 0xe0, 0x08, 0xf0, 0x00, 0xf8, 0x00, 0xf8, 0x00, 0xf8, 0x00, 0x00, 0x00,
    0x00, 0x00, 0x00, 0xff, 0x00, 0xff, 0x00, 0xff, 0x00, 0xff, 0x00, 0xff, 0x00, 0xff, 0x00, 0xff,
    0x00, 0xff, 0xff, 0xff, 0x01, 0xfc, 0x02, 0xf9, 0x04, 0xf2, 0x09, 0xe4, 0x12, 0xca, 0x2a, 0xaa,
    0xaa, 0x2a, 0xca, 0x12, 0xe4, 0x09, 0xf2, 0x04, 0xf9, 0x02, 0xfc, 0x01, 0xff, 0xff, 0xff, 0x00,
    0xff, 0x00, 0xff, 0x00, 0xff, 0x00, 0xff, 0x00, 0xff, 0x00, 0xff, 0x00, 0xff, 0x00, 0x00, 0x00,
    0x00, 0x00, 0x00, 0xff, 0x00, 0x80, 0xf2, 0x7e, 0x5e, 0x42, 0x62, 0x02, 0x06, 0x86, 0xf0, 0x7e,
    0x0e, 0x02, 0x80, 0xcf, 0x60, 0x2f, 0xa0, 0xef, 0x60, 0x0f, 0x40, 0xe7, 0xe8, 0xc3, 0x44, 0xe5,
    0xe5, 0x44, 0x03, 0x08, 0xc7, 0xe0, 0x6f, 0x20, 0xef, 0xe0, 0x2f, 0x10, 0x8f, 0xcf, 0x6f, 0x20,
    0xef, 0xe0, 0x0f, 0x40, 0x4f, 0xe0, 0x8f, 0xc0, 0x6f, 0x60, 0x4f, 0x00, 0xff, 0x00, 0x00, 0x00,
    0x00, 0x00, 0x00, 0x09, 0x0c, 0x0f, 0x0f, 0x08, 0x00, 0x00, 0x00, 0x00, 0x0c, 0x0f, 0x0b, 0x08,
    0x00, 0x06, 0x0f, 0x09, 0x0c, 0x06, 0x0f, 0x0b, 0x00, 0x00, 0x0e, 0x0f, 0x01, 0x00, 0x0e, 0x0f,
    0x09, 0x04, 0x60, 0xcc, 0x8f, 0x9b, 0x9a, 0xf3, 0xf3, 0x61, 0x00, 0x07, 0x0f, 0x0b, 0x0b, 0x09,
    0x05, 0x00, 0x00, 0x00, 0x0e, 0x0f, 0x01, 0x00, 0x00, 0x00, 0x00, 0x00, 0x0f, 0x00, 0x00, 0x00,
  },
  { // frame 9
    0x00, 0x00, 0x00, 0xf8, 0x00, 0xf8, 0x00, 0xf8, 0x00, 0xf0, 0x08, 0xe0, 0x10, 0xc8, 0x20, 0x90,
    0xc8, 0xe0, 0xf0, 0x78, 0x38, 0x98, 0x48, 0x20, 0x90, 0x48, 0x28, 0xa8, 0xa8, 0xa8, 0xa8, 0xa8,
    0xa8, 0xa8, 0xa8, 0xa8, 0xa8, 0x28, 0x48, 0x90, 0x20, 0x48, 0x98, 0x38, 0x78, 0xf0, 0xe0, 0xc8,
    0x90, 0x20, 0xc8, 0x10, 0xe0, 0x08, 0xf0, 0x00, 0xf8, 0x00, 0xf8, 0x00, 0xf8, 0x00, 0x00, 0x00,
    0x00, 0x00, 0x00, 0xff, 0x00, 0xff, 0x00, 0xff, 0x00, 0xff, 0x00, 0xff, 0x00, 0xff, 0x00, 0xff,
    0xff, 0xff, 0x00, 0xfe, 0x01, 0xfc, 0x02, 0xf9, 0x04, 0xf2, 0x09, 0xe4, 0x12, 0xca, 0x2a, 0xaa,
    0xaa, 0x2a, 0xca, 0x12, 0xe4, 0x09, 0xf2, 0x04, 0xf9, 0x02, 0xfc, 0x01, 0xfe, 0x00, 0xff, 0xff,
    0xff, 0x00, 0xff, 0x00, 0xff, 0x00, 0xff, 0x00, 0xff, 0x00, 0xff, 0x00, 0xff, 0x00, 0x00, 0x00,
    0x00, 0x00, 0x00, 0xff, 0x00, 0x80, 0xf2, 0x7e, 0x5e, 0x42, 0x62, 0x02, 0x06, 0x86, 0xf0, 0x7e,
    0x0e, 0x02, 0x80, 0xcf, 0x60, 0x2f, 0xa0, 0xef, 0x60, 0x0f, 0x40, 0xe7, 0xe8, 0xc3, 0x44, 0xe5,
    0xe5, 0x44, 0x03, 0x08, 0xc7, 0xe0, 0x6f, 0x20, 0xef, 0xe0, 0x2f, 0x10, 0x8f, 0xc0, 0x6f, 0x2f,
    0xef, 0xe0, 0x0f, 0x40, 0x4f, 0xe0, 0x8f, 0xc0, 0x6f, 0x60, 0x4f, 0x00, 0xff, 0x00, 0x00, 0x00,
    0x00, 0x00, 0x00, 0x09, 0x0c, 0x0f, 0x0f, 0x08, 0x00, 0x00, 0x00, 0x00, 0x0c, 0x0f, 0x0b, 0x08,
    0x00, 0x06, 0x0f, 0x09, 0x0c, 0x06, 0x0f, 0x0b, 0x00, 0x00, 0x0e, 0x0f, 0x01, 0x00, 0x0e, 0x0f,
    0x09, 0x04, 0x60, 0xcc, 0x8f, 0x9b, 0x9a, 0xf3, 0xf3, 0x61, 0x00, 0x07, 0x0f, 0x0b, 0x0b, 0x09,
    0x05, 0x00, 0x00, 0x00, 0x0e, 0x0f, 0x01, 0x00, 0x00, 0x00, 0x00, 0x00, 0x0f, 0x00, 0x00, 0x00,
  },
  { // frame 10
    0x00, 0x00, 0x00, 0xf8, 0x00, 0xf8, 0x00, 0xf8, 0x00, 0xf0, 0x08, 0xe0, 0x10, 0xc8, 0xe0, 0xf0,
    0x78, 0x38, 0x98, 0x48, 0x20, 0x90, 0x48, 0x20, 0x90, 0x48, 0x28, 0xa8, 0xa8, 0xa8, 0xa8, 0xa8,
    0xa8, 0xa8, 0xa8, 0xa8, 0xa8, 0x28, 0x48, 0x90, 0x20, 0x48, 0x90, 0x20, 0x48, 0x98, 0x38, 0x78,
    0xf0, 0xe0, 0xc8, 0x10, 0xe0, 0x08, 0xf0, 0x00, 0xf8, 0x00, 0xf8, 0x00, 0xf8, 0x00, 0x00, 0x00,
    0x00, 0x00, 0x00, 0xff, 0x00, 0xff, 0x00, 0xff, 0x00, 0xff, 0x00, 0xff, 0x00, 0xff, 0xff, 0xff,
    0x00, 0xff, 0x00, 0xfe, 0x01, 0xfc, 0x02, 0xf9, 0x04, 0xf2, 0x09, 0xe4, 0x12, 0xca, 0x2a, 0xaa,
    0xaa, 0x2a, 0xca, 0x12, 0xe4, 0x09, 0xf2, 0x04, 0xf9, 0x02, 0xfc, 0x01, 0xfe, 0x00, 0xff, 0x00,
    0xff, 0xff, 0xff, 0x00, 0xff, 0x00, 0xff, 0x00, 0xff, 0x00, 0xff, 0x00, 0xff, 0x00, 0x00, 0x00,
    0x00, 0x00, 0x00, 0xff, 0x00, 0x80, 0xf2, 0x7e, 0x5e, 0x42, 0x62, 0x02, 0x06, 0x86, 0xf0, 0x7e,
    0x0e, 0x02, 0x80, 0xcf, 0x60, 0x2f, 0xa0, 0xef, 0x60, 0x0f, 0x40, 0xe7, 0xe8, 0xc3, 0x44, 0xe5,
    0xe5, 0x44, 0x03, 0x08, 0xc7, 0xe0, 0x6f, 0x20, 0xef, 0xe0, 0x2f, 0x10, 0x8f, 0xc0, 0x6f, 0x20,
    0xef, 0xef, 0x0f, 0x40, 0x4f, 0xe0, 0x8f, 0xc0, 0x6f, 0x60, 0x4f, 0x00, 0xff, 0x00, 0x00, 0x00,
    0x00, 0x00, 0x00, 0x09, 0x0c, 0x0f, 0x0f, 0x08, 0x00, 0x00, 0x00, 0x00, 0x0c, 0x0f, 0x0b, 0x08,
    0x00, 0x06, 0x0f, 0x09, 0x0c, 0x06, 0x0f, 0x0b, 0x00, 0x00, 0x0e, 0x0f, 0x01, 0x00, 0x0e, 0x0f,
    0x09, 0x04, 0x60, 0xcc, 0x8f, 0x9b, 0x9a, 0xf3, 0xf3, 0x61, 0x00, 0x07, 0x0f, 0x0b, 0x0b, 0x09,
    0x05, 0x00, 0x00, 0x00, 0x0e, 0x0f, 0x01, 0x00, 0x00, 0x00, 0x00, 0x00, 0x0f, 0x00, 0x00, 0x00,
  },
  { // frame 11
    0x00, 0x00, 0x00, 0xf8, 0x00, 0xf8, 0x00, 0xf8, 0x00, 0xf0, 0x08, 0xe0, 0xf0, 0xf8, 0x38, 0x98,
    0x48, 0x20, 0x90, 0x48, 0x20, 0x90, 0x48, 0x20, 0x90, 0x48, 0x28, 0xa8, 0xa8, 0xa8, 0xa8, 0xa8,
    0xa8, 0xa8, 0xa8, 0xa8, 0xa8, 0x28, 0x48, 0x90, 0x20, 0x48, 0x90, 0x20, 0x48, 0x90, 0x20, 0x48,
    0x98, 0x38, 0xf8, 0xf0, 0xe0, 0x08, 0xf0, 0x00, 0xf8, 0x00, 0xf8, 0x00, 0xf8, 0x00, 0x00, 0x00,
    0x00, 0x00, 0x00, 0xff, 0x00, 0xff, 0x00, 0xff, 0x00, 0xff, 0x00, 0xff, 0xff, 0xff, 0x00, 0xff,
    0x00, 0xff, 0x00, 0xfe, 0x01, 0xfc, 0x02, 0xf9, 0x04, 0xf2, 0x09, 0xe4, 0x12, 0xca, 0x2a, 0xaa,
    0xaa, 0x2a, 0xca, 0x12, 0xe4, 0x09, 0xf2, 0x04, 0xf9, 0x02, 0xfc, 0x01, 0xfe, 0x00, 0xff, 0x00,
    0xff, 0x00, 0xff, 0xff, 0xff, 0x00, 0xff, 0x00, 0xff, 0x00, 0xff, 0x00, 0xff, 0x00, 0x00, 0x00,
    0x00, 0x00, 0x00, 0xff, 0x00, 0x80, 0xf2, 0x7e, 0x5e, 0x42, 0x62, 0x02, 0x06, 0x86, 0xf0, 0x7e,
    0x0e, 0x02, 0x80, 0xcf, 0x60, 0x2f, 0xa0, 0xef, 0x60, 0x0f, 0x40, 0xe7, 0xe8, 0xc3, 0x44, 0xe5,
    0xe5, 0x44, 0x03, 0x08, 0xc7, 0xe0, 0x6f, 0x20, 0xef, 0xe0, 0x2f, 0x10, 0x8f, 0xc0, 0x6f, 0x20,
    0xef, 0xe0, 0x0f, 0x4f, 0x4f, 0xe0, 0x8f, 0xc0, 0x6f, 0x60, 0x4f, 0x00, 0xff, 0x00, 0x00, 0x00,
    0x00, 0x00, 0x00, 0x09, 0x0c, 0x0f, 0x0f, 0x08, 0x00, 0x00, 0x00, 0x00, 0x0c, 0x0f, 0x0b, 0x08,
    0x00, 0x06, 0x0f, 0x09, 0x0c, 0x06, 0x0f, 0x0b, 0x00, 0x00, 0x0e, 0x0f, 0x01, 0x00, 0x0e, 0x0f,
    0x09, 0x04, 0x60, 0xcc, 0x8f, 0x9b, 0x9a, 0xf3, 0xf3, 0x61, 0x00, 0x07, 0x0f, 0x0b, 0x0b, 0x09,
    0x05, 0x00, 0x00, 0x00, 0x0e, 0x0f, 0x01, 0x00, 0x00, 0x00, 0x00, 0x00, 0x0f, 0x00, 0x00, 0x00,
  },
  { // frame 12
    0x00, 0x00, 0x00, 0xf8, 0x00, 0xf8, 0x00, 0xf8, 0x00, 0xf0, 0xf8, 0xf8, 0x18, 0xc8, 0x20, 0x90,
    0x48, 0x20, 0x90, 0x48, 0x20, 0x90, 0x48, 0x20, 0x90, 0x48, 0x28, 0xa8, 0xa8, 0xa8, 0xa8, 0xa8,
    0xa8, 0xa8, 0xa8, 0xa8, 0xa8, 0x28, 0x48, 0x90, 0x20, 0x48, 0x90, 0x20, 0x48, 0x90, 0x20, 0x48,
    0x90, 0x20, 0xc8, 0x18, 0xf8, 0xf8, 0xf0, 0x00, 0xf8, 0x00, 0xf8, 0x00, 0xf8, 0x00, 0x00, 0x00,
    0x00, 0x00, 0x00, 0xff, 0x00, 0xff, 0x00, 0xff, 0x00, 0xff, 0xff, 0xff, 0x00, 0xff, 0x00, 0xff,
    0x00, 0xff, 0x00, 0xfe, 0x01, 0xfc, 0x02, 0xf9, 0x04, 0xf2, 0x09, 0xe4, 0x12, 0xca, 0x2a, 0xaa,
    0xaa, 0x2a, 0xca, 0x12, 0xe4, 0x09, 0xf2, 0x04, 0xf9, 0x02, 0xfc, 0x01, 0xfe, 0x00, 0xff, 0x00,
    0xff, 0x00, 0xff, 0x00, 0xff, 0xff, 0xff, 0x00, 0xff, 0x00, 0xff, 0x00, 0xff, 0x00, 0x00, 0x00,
    0x00, 0x00, 0x00, 0xff, 0x00, 0x80, 0xf2, 0x7e, 0x5e, 0x42, 0x62, 0x02, 0x06, 0x86, 0xf0, 0x7e,
    0x0e, 0x02, 0x80, 0xcf, 0x60, 0x2f, 0xa0, 0xef, 0x60, 0x0f, 0x40, 0xe7, 0xe8, 0xc3, 0x44, 0xe5,
    0xe5, 0x44, 0x03, 0x08, 0xc7, 0xe0, 0x6f, 0x20, 0xef, 0xe0, 0x2f, 0x10, 0x8f, 0xc0, 0x6f, 0x20,
    0xef, 0xe0, 0x0f, 0x40, 0x4f, 0xef, 0x8f, 0xc0, 0x6f, 0x60, 0x4f, 0x00, 0xff, 0x00, 0x00, 0x00,
    0x00, 0x00, 0x00, 0x09, 0x0c, 0x0f, 0x0f, 0x08, 0x00, 0x00, 0x00, 0x00, 0x0c, 0x0f, 0x0b, 0x08,
    0x00, 0x06, 0x0f, 0x09, 0x0c, 0x06, 0x0f, 0x0b, 0x00, 0x00, 0x0e, 0x0f, 0x01, 0x00, 0x0e, 0x0f,
    0x09, 0x04, 0x60, 0xcc, 0x8f, 0x9b, 0x9a, 0xf3, 0xf3, 0x61, 0x00, 0x07, 0x0f, 0x0b, 0x0b, 0x09,
    0x05, 0x00, 0x00, 0x00, 0x0e, 0x0f, 0x01, 0x00, 0x00, 0x00, 0x00, 0x00, 0x0f, 0x00, 0x00, 0x00,
  },
  { // frame 13
    0x00, 0x00, 0x00, 0xf8, 0x00, 0xf8, 0x00, 0xf8, 0xf8, 0xf8, 0x08, 0xe0, 0x10, 0xc8, 0x20, 0x90,
    0x48, 0x20, 0x90, 0x48, 0x20, 0x90, 0x48, 0x20, 0x90, 0x48, 0x28, 0xa8, 0xa8, 0xa8, 0xa8, 0xa8,
    0xa8, 0xa8, 0xa8, 0xa8, 0xa8, 0x28, 0x48, 0x90, 0x20, 0x48, 0x90, 0x20, 0x48, 0x90, 0x20, 0x48,
    0x90, 0x20, 0xc8, 0x10, 0xe0, 0x08, 0xf8, 0xf8, 0xf8, 0x00, 0xf8, 0x00, 0xf8, 0x00, 0x00, 0x00,
    0x00, 0x00, 0x00, 0xff, 0x00, 0xff, 0x00, 0xff, 0xff, 0xff, 0x00, 0xff, 0x00, 0xff, 0x00, 0xff,
    0x00, 0xff, 0x00, 0xfe, 0x01, 0xfc, 0x02, 0xf9, 0x04, 0xf2, 0x09, 0xe4, 0x12, 0xca, 0x2a, 0xaa,
    0xaa, 0x2a, 0xca, 0x12, 0xe4, 0x09, 0xf2, 0x04, 0xf9, 0x02, 0xfc, 0x01, 0xfe, 0x00, 0xff, 0x00,
    0xff, 0x00, 0xff, 0x00, 0xff, 0x00, 0xff, 0xff, 0xff, 0x00, 0xff, 0x00, 0xff, 0x00, 0x00, 0x00,
    0x00, 0x00, 0x00, 0xff, 0x00, 0x80, 0xf2, 0x7e, 0x5e, 0x42, 0x62, 0x02, 0x06, 0x86, 0xf0, 0x7e,
    0x0e, 0x02, 0x80, 0xcf, 0x60, 0x2f, 0xa0, 0xef, 0x60, 0x0f, 0x40, 0xe7, 0xe8, 0xc3, 0x44, 0xe5,
    0xe5, 0x44, 0x03, 0x08, 0xc7, 0xe0, 0x6f, 0x20, 0xef, 0xe0, 0x2f, 0x10, 0x8f, 0xc0, 0x6f, 0x20,
    0xef, 0xe0, 0x0f, 0x40, 0x4f, 0xe0, 0x8f, 0xcf, 0x6f, 0x60, 0x4f, 0x00, 0xff, 0x00, 0x00, 0x00,
    0x00, 0x00, 0x00, 0x09, 0x0c, 0x0f, 0x0f, 0x08, 0x00, 0x00, 0x00, 0x00, 0x0c, 0x0f, 0x0b, 0x08,
    0x00, 0x06, 0x0f, 0x09, 0x0c, 0x06, 0x0f, 0x0b, 0x00, 0x00, 0x0e, 0x0f, 0x01, 0x00, 0x0e, 0x0f,
    0x09, 0x04, 0x60, 0xcc, 0x8f, 0x9b, 0x9a, 0xf3, 0xf3, 0x61, 0x00, 0x07, 0x0f, 0x0b, 0x0b, 0x09,
    0x05, 0x00, 0x00, 0x00, 0x0e, 0x0f, 0x01, 0x00, 0x00, 0x00, 0x00, 0x00, 0x0f, 0x00, 0x00, 0x00,
  },
  { // frame 14
    0x00, 0x00, 0x00, 0xf8, 0x00, 0xf8, 0xf8, 0xf8, 0x00, 0xf0, 0x08, 0xe0, 0x10, 0xc8, 0x20, 0x90,
    0x48, 0x20, 0x90, 0x48, 0x20, 0x90, 0x48, 0x20, 0x90, 0x48, 0x28, 0xa8, 0xa8, 0xa8, 0xa8, 0xa8,
    0xa8, 0xa8, 0xa8, 0xa8, 0xa8, 0x28, 0x48, 0x90, 0x20, 0x48, 0x90, 0x20, 0x48, 0x90, 0x20, 0x48,
    0x90, 0x20, 0xc8, 0x10, 0xe0, 0x08, 0xf0, 0x00, 0xf8, 0xf8, 0xf8, 0x00, 0xf8, 0x00, 0x00, 0x00,
    0x00, 0x00, 0x00, 0xff, 0x00, 0xff, 0xff, 0xff, 0x00, 0xff, 0x00, 0xff, 0x00, 0xff, 0x00, 0xff,
    0x00, 0xff, 0x00, 0xfe, 0x01, 0xfc, 0x02, 0xf9, 0x04, 0xf2, 0x09, 0xe4, 0x12, 0xca, 0x2a, 0xaa,
    0xaa, 0x2a, 0xca, 0x12, 0xe4, 0x09, 0xf2, 0x04, 0xf9, 0x02, 0xfc, 0x01, 0xfe, 0x00, 0xff, 0x00,
    0xff, 0x00, 0xff, 0x00, 0xff, 0x00, 0xff, 0x00, 0xff, 0xff, 0xff, 0x00, 0xff, 0x00, 0x00, 0x00,
    0x00, 0x00, 0x00, 0xff, 0x00, 0x80, 0xf2, 0x7e, 0x5e, 0x42, 0x62, 0x02, 0x06, 0x86, 0xf0, 0x7e,
    0x0e, 0x02, 0x80, 0xcf, 0x60, 0x2f, 0xa0, 0xef, 0x60, 0x0f, 0x40, 0xe7, 0xe8, 0xc3, 0x44, 0xe5,
    0xe5, 0x44, 0x03, 0x08, 0xc7, 0xe0, 0x6f, 0x20, 0xef, 0xe0, 0x2f, 0x10, 0x8f, 0xc0, 0x6f, 0x20,
    0xef, 0xe0, 0x0f, 0x40, 0x4f, 0xe0, 0x8f, 0xc0, 0x6f, 0x6f, 0x4f, 0x00, 0xff, 0x00, 0x00, 0x00,
    0x00, 0x00, 0x00, 0x09, 0x0c, 0x0f, 0x0f, 0x08, 0x00, 0x00, 0x00, 0x00, 0x0c, 0x0f, 0x0b, 0x08,
    0x00, 0x06, 0x0f, 0x09, 0x0c, 0x06, 0x0f, 0x0b, 0x00, 0x00, 0x0e, 0x0f, 0x01, 0x00, 0x0e, 0x0f,
    0x09, 0x04, 0x60, 0xcc, 0x8f, 0x9b, 0x9a, 0xf3, 0xf3, 0x61, 0x00, 0x07, 0x0f, 0x0b, 0x0b, 0x09,
    0x05, 0x00, 0x00, 0x00, 0x0e, 0x0f, 0x01, 0x00, 0x00, 0x00, 0x00, 0x00, 0x0f, 0x00, 0x00, 0x00,
  },
  { // frame 15
    0x00, 0x00, 0x00, 0xf8, 0xf8, 0xf8, 0x00, 0xf8, 0x00, 0xf0, 0x08, 0xe0, 0x10, 0xc8, 0x20, 0x90,
    0x48, 0x20, 0x90, 0x48, 0x20, 0x90, 0x48, 0x20, 0x90, 0x48, 0x28, 0xa8, 0xa8, 0xa8, 0xa8, 0xa8,
    0xa8, 0xa8, 0xa8, 0xa8, 0xa8, 0x28, 0x48, 0x90, 0x20, 0x48, 0x90, 0x20, 0x48, 0x90, 0x20, 0x48,
    0x90, 0x20, 0xc8, 0x10, 0xe0, 0x08, 0xf0, 0x00, 0xf8, 0x00, 0xf8, 0xf8, 0xf8, 0x00, 0x00, 0x00,
    0x00, 0x00, 0x00, 0xff, 0xff, 0xff, 0x00, 0xff, 0x00, 0xff, 0x00, 0xff, 0x00, 0xff, 0x00, 0xff,
    0x00, 0xff, 0x00, 0xfe, 0x01, 0xfc, 0x02, 0xf9, 0x04, 0xf2, 0x09, 0xe4, 0x12, 0xca, 0x2a, 0xaa,
    0xaa, 0x2a, 0xca, 0x12, 0xe4, 0x09, 0xf2, 0x04, 0xf9, 0x02, 0xfc, 0x01, 0xfe, 0x00, 0xff, 0x00,
    0xff, 0x00, 0xff, 0x00, 0xff, 0x00, 0xff, 0x00, 0xff, 0x00, 0xff, 0xff, 0xff, 0x00, 0x00, 0x00,
    0x00, 0x00, 0x00, 0xff, 0x00, 0x80, 0xf2, 0x7e, 0x5e, 0x42, 0x62, 0x02, 0x06, 0x86, 0xf0, 0x7e,
    0x0e, 0x02, 0x80, 0xcf, 0x60, 0x2f, 0xa0, 0xef, 0x60, 0x0f, 0x40, 0xe7, 0xe8, 0xc3, 0x44, 0xe5,
    0xe5, 0x44, 0x03, 0x08, 0xc7, 0xe0, 0x6f, 0x20, 0xef, 0xe0, 0x2f, 0x10, 0x8f, 0xc0, 0x6f, 0x20,
    0xef, 0xe0, 0x0f, 0x40, 0x4f, 0xe0, 0x8f, 0xc0, 0x6f, 0x60, 0x4f, 0x0f, 0xff, 0x00, 0x00, 0x00,
    0x00, 0x00, 0x00, 0x09, 0x0c, 0x0f, 0x0f, 0x08, 0x00, 0x00, 0x00, 0x00, 0x0c, 0x0f, 0x0b, 0x08,
    0x00, 0x06, 0x0f, 0x09, 0x0c, 0x06, 0x0f, 0x0b, 0x00, 0x00, 0x0e, 0x0f, 0x01, 0x00, 0x0e, 0x0f,
    0x09, 0x04, 0x60, 0xcc, 0x8f, 0x9b, 0x9a, 0xf3, 0xf3, 0x61, 0x00, 0x07, 0x0f, 0x0b, 0x0b, 0x09,
    0x05, 0x00, 0x00, 0x00, 0x0e, 0x0f, 0x01, 0x00, 0x00, 0x00, 0x00, 0x00, 0x0f, 0x00, 0x00, 0x00,
  },
};

static const uint8_t PICOPRO_SELECTOR_DUCKING_ICON_FRAMES[][PICOPRO_SELECTOR_ICON_FRAME_BYTES] = {
  { // frame 1
    0x00, 0x00, 0x00, 0x00, 0x00, 0x00, 0x00, 0x00, 0x00, 0x00, 0x00, 0x00, 0x00, 0x00, 0x00, 0x00,
    0x00, 0x00, 0x00, 0x00, 0x00, 0x00, 0x00, 0x00, 0x00, 0x00, 0x00, 0x00, 0x00, 0x00, 0x00, 0x00,
    0x00, 0x00, 0x00, 0x00, 0x00, 0x00, 0x00, 0x00, 0xc0, 0x60, 0x30, 0x10, 0x10, 0x10, 0x10, 0x30,
    0x60, 0xc0, 0x00, 0x00, 0x00, 0x00, 0x00, 0x00, 0x00, 0x00, 0x00, 0x00, 0x00, 0x00, 0x00, 0x00,
    0x00, 0x00, 0x00, 0x00, 0x00, 0x00, 0x00, 0x00, 0x00, 0x00, 0x00, 0x00, 0x00, 0x00, 0x00, 0x00,
    0x00, 0x00, 0x00, 0x00, 0x00, 0x00, 0x00, 0x00, 0x00, 0x00, 0x00, 0x00, 0x00, 0x00, 0x00, 0x00,
    0x00, 0x00, 0x00, 0x0e, 0x0e, 0x0e, 0x0e, 0x8e, 0xbf, 0xef, 0x0c, 0x00, 0x01, 0x01, 0x00, 0x80,
    0xc0, 0x7f, 0x30, 0x20, 0x20, 0x20, 0x20, 0x60, 0x40, 0xc0, 0x80, 0x80, 0x00, 0x00, 0x00, 0x00,
    0x00, 0x00, 0x00, 0x00, 0x00, 0x80, 0xf2, 0x7e, 0x0e, 0x02, 0x02, 0x02, 0x86, 0xfc, 0xf0, 0x00,
    0x40, 0xe0, 0xc0, 0x00, 0x00, 0xc0, 0xe0, 0x00, 0x00, 0x00, 0x80, 0xc0, 0x60, 0x20, 0x20, 0xe0,
    0xc0, 0x00, 0x00, 0xf2, 0xfe, 0x9e, 0xc2, 0x60, 0x60, 0x40, 0x00, 0x00, 0x00, 0x00, 0x00, 0x00,
    0x00, 0x00, 0x80, 0x00, 0x00, 0x00, 0x00, 0x00, 0x00, 0x80, 0xc0, 0x01, 0x00, 0x00, 0x00, 0x00,
    0x00, 0x00, 0x00, 0x08, 0x0c, 0x0f, 0x0f, 0x08, 0x08, 0x08, 0x0c, 0x06, 0x03, 0x01, 0x00, 0x00,
    0x0f, 0x0f, 0x08, 0x04, 0x0e, 0x0f, 0x09, 0x04, 0x00, 0x07, 0x0f, 0x09, 0x08, 0x08, 0x0c, 0x04,
    0x00, 0x0c, 0x0f, 0x03, 0x01, 0x01, 0x0f, 0x0c, 0x08, 0x00, 0x00, 0x0c, 0x0c, 0x00, 0x08, 0x08,
    0x08, 0x08, 0x08, 0x09, 0x09, 0x09, 0x09, 0x09, 0x09, 0x08, 0x0c, 0x06, 0x00, 0x00, 0x00, 0x00,
  },
  { // frame 2
    0x00, 0x00, 0x00, 0x00, 0x00, 0x00, 0x00, 0x00, 0x00, 0x00, 0x00, 0x00, 0x00, 0x00, 0x00, 0x00,
    0x00, 0x00, 0x00, 0x00, 0x00, 0x00, 0x00, 0x00, 0x00, 0x00, 0x00, 0x00, 0x00, 0x00, 0x00, 0x00,
    0x00, 0x00, 0x00, 0x00, 0x00, 0x00, 0xc0, 0x60, 0x30, 0x10, 0x10, 0x10, 0x10, 0x30, 0x60, 0xc0,
    0x00, 0x00, 0x00, 0x00, 0x00, 0x00, 0x00, 0x00, 0x00, 0x00, 0x00, 0x00, 0x00, 0x00, 0x00, 0x00,
    0x00, 0x00, 0x00, 0x00, 0x00, 0x00, 0x00, 0x00, 0x00, 0x00, 0x00, 0x00, 0x00, 0x00, 0x00, 0x00,
    0x00, 0x00, 0x00, 0x00, 0x00, 0x00, 0x00, 0x00, 0x00, 0x00, 0x00, 0x00, 0x00, 0x00, 0x00, 0x00,
    0x00, 0x0e, 0x0e, 0x0e, 0x0e, 0x8e, 0xbf, 0xef, 0x0c, 0x00, 0x01, 0x01, 0x00, 0x80, 0xc0, 0x7f,
    0x30, 0x20, 0x20, 0x20, 0x60, 0x60, 0x40, 0xc0, 0x80, 0x80, 0x80, 0x80, 0x80, 0x00, 0x00, 0x00,
    0x00, 0x00, 0x00, 0x00, 0x00, 0x80, 0xf2, 0x7e, 0x0e, 0x02, 0x02, 0x02, 0x86, 0xfc, 0xf0, 0x00,
    0x40, 0xe0, 0xc0, 0x00, 0x00, 0xc0, 0xe0, 0x00, 0x00, 0x00, 0x80, 0xc0, 0x60, 0x20, 0x20, 0xe0,
    0xc0, 0x00, 0x00, 0xf2, 0xfe, 0x9e, 0xc2, 0x60, 0x60, 0x40, 0x00, 0x00, 0x00, 0x00, 0x00, 0x00,
    0x80, 0x80, 0x80, 0x80, 0x80, 0x80, 0x80, 0x80, 0xc0, 0x60, 0x00, 0x80, 0x80, 0x00, 0x00, 0x00,
    0x00, 0x00, 0x00, 0x08, 0x0c, 0x0f, 0x0f, 0x08, 0x08, 0x08, 0x0c, 0x06, 0x03, 0x01, 0x00, 0x00,
    0x0f, 0x0f, 0x08, 0x04, 0x0e, 0x0f, 0x09, 0x04, 0x00, 0x07, 0x0f, 0x09, 0x08, 0x08, 0x0c, 0x04,
    0x00, 0x0c, 0x0f, 0x03, 0x01, 0x01, 0x0f, 0x0c, 0x08, 0x00, 0x00, 0x0c, 0x0c, 0x00, 0x08, 0x08,
    0x08, 0x08, 0x08, 0x08, 0x08, 0x08, 0x08, 0x08, 0x0c, 0x06, 0x03, 0x01, 0x00, 0x00, 0x00, 0x00,
  },
  { // frame 3
    0x00, 0x00, 0x00, 0x00, 0x00, 0x00, 0x00, 0x00, 0x00, 0x00, 0x00, 0x00, 0x00, 0x00, 0x00, 0x00,
    0x00, 0x00, 0x00, 0x00, 0x00, 0x00, 0x00, 0x00, 0x00, 0x00, 0x00, 0x00, 0x00, 0x00, 0x00, 0x00,
    0x00, 0x00, 0x00, 0x00, 0xc0, 0x60, 0x30, 0x10, 0x10, 0x10, 0x10, 0x30, 0x60, 0xc0, 0x00, 0x00,
    0x00, 0x00, 0x00, 0x00, 0x00, 0x00, 0x00, 0x00, 0x00, 0x00, 0x00, 0x00, 0x00, 0x00, 0x00, 0x00,
    0x00, 0x00, 0x00, 0x00, 0x00, 0x00, 0x00, 0x00, 0x00, 0x00, 0x00, 0x00, 0x00, 0x00, 0x00, 0x00,
    0x00, 0x00, 0x00, 0x00, 0x00, 0x00, 0x00, 0x00, 0x00, 0x00, 0x00, 0x00, 0x00, 0x00, 0x00, 0x0e,
    0x0e, 0x0e, 0x0e, 0x8e, 0xbf, 0xef, 0x0c, 0x00, 0x01, 0x01, 0x00, 0x80, 0xc0, 0x7f, 0x30, 0x20,
    0x20, 0x20, 0x20, 0x60, 0x40, 0xc0, 0x80, 0x80, 0x00, 0x00, 0x00, 0x00, 0x00, 0x00, 0x00, 0x00,
    0x00, 0x00, 0x00, 0x00, 0x00, 0x80, 0xf2, 0x7e, 0x0e, 0x02, 0x02, 0x02, 0x86, 0xfc, 0xf0, 0x00,
    0x40, 0xe0, 0xc0, 0x00, 0x00, 0xc0, 0xe0, 0x00, 0x00, 0x00, 0x80, 0xc0, 0x60, 0x20, 0x20, 0xe0,
    0xc0, 0x00, 0x00, 0xf2, 0xfe, 0x9e, 0xc2, 0x60, 0x60, 0x40, 0x00, 0x00, 0x00, 0x00, 0x00, 0x00,
    0x00, 0x00, 0x00, 0x00, 0x00, 0x80, 0xc0, 0x01, 0x01, 0x81, 0xc1, 0x7f, 0x00, 0x00, 0x00, 0x00,
    0x00, 0x00, 0x00, 0x08, 0x0c, 0x0f, 0x0f, 0x08, 0x08, 0x08, 0x0c, 0x06, 0x03, 0x01, 0x00, 0x00,
    0x0f, 0x0f, 0x08, 0x04, 0x0e, 0x0f, 0x09, 0x04, 0x00, 0x07, 0x0f, 0x09, 0x08, 0x08, 0x0c, 0x04,
    0x00, 0x0c, 0x0f, 0x03, 0x01, 0x01, 0x0f, 0x0c, 0x08, 0x00, 0x00, 0x0c, 0x0c, 0x00, 0x08, 0x09,
    0x09, 0x09, 0x09, 0x09, 0x09, 0x08, 0x0c, 0x06, 0x03, 0x09, 0x00, 0x08, 0x08, 0x00, 0x00, 0x00,
  },
  { // frame 4
    0x00, 0x00, 0x00, 0x00, 0x00, 0x00, 0x00, 0x00, 0x00, 0x00, 0x00, 0x00, 0x00, 0x00, 0x00, 0x00,
    0x00, 0x00, 0x00, 0x00, 0x00, 0x00, 0x00, 0x00, 0x00, 0x00, 0x00, 0x00, 0x00, 0x00, 0x00, 0x00,
    0x00, 0x00, 0xc0, 0x60, 0x30, 0x10, 0x10, 0x10, 0x10, 0x30, 0x60, 0xc0, 0x00, 0x00, 0x00, 0x00,
    0x00, 0x00, 0x00, 0x00, 0x00, 0x00, 0x00, 0x00, 0x00, 0x00, 0x00, 0x00, 0x00, 0x00, 0x00, 0x00,
    0x00, 0x00, 0x00, 0x00, 0x00, 0x00, 0x00, 0x00, 0x00, 0x00, 0x00, 0x00, 0x00, 0x00, 0x00, 0x00,
    0x00, 0x00, 0x00, 0x00, 0x00, 0x00, 0x00, 0x00, 0x00, 0x00, 0x00, 0x00, 0x00, 0x0e, 0x0e, 0x0e,
    0x0e, 0x8e, 0xbf, 0xef, 0x0c, 0x00, 0x01, 0x01, 0x00, 0x80, 0xc0, 0x7f, 0x30, 0x20, 0x20, 0x20,
    0x60, 0x60, 0x40, 0xc0, 0x80, 0x80, 0x80, 0x80, 0x80, 0xc0, 0x40, 0xc0, 0x00, 0x00, 0x00, 0x00,
    0x00, 0x00, 0x00, 0x00, 0x00, 0x80, 0xf2, 0x7e, 0x0e, 0x02, 0x02, 0x02, 0x86, 0xfc, 0xf0, 0x00,
    0x40, 0xe0, 0xc0, 0x00, 0x00, 0xc0, 0xe0, 0x00, 0x00, 0x00, 0x80, 0xc0, 0x60, 0x20, 0x20, 0xe0,
    0xc0, 0x00, 0x00, 0xf2, 0xfe, 0x9e, 0xc2, 0x60, 0x60, 0x40, 0x00, 0x00, 0x00, 0x00, 0x80, 0x80,
    0x80, 0x80, 0x80, 0x80, 0xc0, 0x60, 0x00, 0x80, 0xc0, 0x60, 0x30, 0x1f, 0x00, 0x00, 0x00, 0x00,
    0x00, 0x00, 0x00, 0x08, 0x0c, 0x0f, 0x0f, 0x08, 0x08, 0x08, 0x0c, 0x06, 0x03, 0x01, 0x00, 0x00,
    0x0f, 0x0f, 0x08, 0x04, 0x0e, 0x0f, 0x09, 0x04, 0x00, 0x07, 0x0f, 0x09, 0x08, 0x08, 0x0c, 0x04,
    0x00, 0x0c, 0x0f, 0x03, 0x01, 0x01, 0x0f, 0x0c, 0x08, 0x00, 0x00, 0x0c, 0x0c, 0x00, 0x08, 0x08,
    0x08, 0x08, 0x08, 0x08, 0x0c, 0x06, 0x03, 0x09, 0x08, 0x00, 0x08, 0x08, 0x00, 0x00, 0x00, 0x00,
  },
  { // frame 5
    0x00, 0x00, 0x00, 0x00, 0x00, 0x00, 0x00, 0x00, 0x00, 0x00, 0x00, 0x00, 0x00, 0x00, 0x00, 0x00,
    0x00, 0x00, 0x00, 0x00, 0x00, 0x00, 0x00, 0x00, 0x00, 0x00, 0x00, 0x00, 0x00, 0x00, 0x00, 0x00,
    0xc0, 0x60, 0x30, 0x10, 0x10, 0x10, 0x10, 0x30, 0x60, 0xc0, 0x00, 0x00, 0x00, 0x00, 0x00, 0x00,
    0x00, 0x00, 0x00, 0x00, 0x00, 0x00, 0x00, 0x00, 0x00, 0x00, 0x00, 0x00, 0x00, 0x00, 0x00, 0x00,
    0x00, 0x00, 0x00, 0x00, 0x00, 0x00, 0x00, 0x00, 0x00, 0x00, 0x00, 0x00, 0x00, 0x00, 0x00, 0x00,
    0x00, 0x00, 0x00, 0x00, 0x00, 0x00, 0x00, 0x00, 0x00, 0x00, 0x00, 0x0e, 0x0e, 0x0e, 0x0e, 0x8e,
    0xbf, 0xef, 0x0c, 0x00, 0x01, 0x01, 0x00, 0x80, 0xc0, 0x7f, 0x30, 0x20, 0x20, 0x20, 0x20, 0x60,
    0x40, 0xc0, 0x80, 0x80, 0x00, 0x00, 0x00, 0x00, 0x00, 0x00, 0x00, 0x00, 0x00, 0x00, 0x00, 0x00,
    0x00, 0x00, 0x00, 0x00, 0x00, 0x80, 0xf2, 0x7e, 0x0e, 0x02, 0x02, 0x02, 0x86, 0xfc, 0xf0, 0x00,
    0x40, 0xe0, 0xc0, 0x00, 0x00, 0xc0, 0xe0, 0x00, 0x00, 0x00, 0x80, 0xc0, 0x60, 0x2e, 0x23, 0xe1,
    0xc0, 0x00, 0x00, 0xf2, 0xfe, 0x9e, 0xc2, 0x60, 0x60, 0x40, 0x00, 0x00, 0x00, 0x00, 0x00, 0x00,
    0x00, 0x80, 0xc0, 0x01, 0x01, 0x81, 0xc1, 0x7f, 0x00, 0x00, 0x00, 0x00, 0x00, 0x00, 0x00, 0x00,
    0x00, 0x00, 0x00, 0x08, 0x0c, 0x0f, 0x0f, 0x08, 0x08, 0x08, 0x0c, 0x06, 0x03, 0x01, 0x00, 0x00,
    0x0f, 0x0f, 0x08, 0x04, 0x0e, 0x0f, 0x09, 0x04, 0x00, 0x07, 0x0f, 0x09, 0x08, 0x08, 0x0c, 0x04,
    0x00, 0x0c, 0x0f, 0x03, 0x01, 0x01, 0x0f, 0x0c, 0x08, 0x00, 0x00, 0x0c, 0x0c, 0x00, 0x09, 0x09,
    0x09, 0x08, 0x0c, 0x06, 0x0b, 0x09, 0x08, 0x08, 0x08, 0x00, 0x08, 0x08, 0x08, 0x00, 0x00, 0x00,
  },
  { // frame 6
    0x00, 0x00, 0x00, 0x00, 0x00, 0x00, 0x00, 0x00, 0x00, 0x00, 0x00, 0x00, 0x00, 0x00, 0x00, 0x00,
    0x00, 0x00, 0x00, 0x00, 0x00, 0x00, 0x00, 0x00, 0x00, 0x00, 0x00, 0x00, 0x00, 0x00, 0xc0, 0x60,
    0x30, 0x10, 0x10, 0x10, 0x10, 0x30, 0x60, 0xc0, 0x00, 0x00, 0x00, 0x00, 0x00, 0x00, 0x00, 0x00,
    0x00, 0x00, 0x00, 0x00, 0x00, 0x00, 0x00, 0x00, 0x00, 0x00, 0x00, 0x00, 0x00, 0x00, 0x00, 0x00,
    0x00, 0x00, 0x00, 0x00, 0x00, 0x00, 0x00, 0x00, 0x00, 0x00, 0x00, 0x00, 0x00, 0x00, 0x00, 0x00,
    0x00, 0x00, 0x00, 0x00, 0x00, 0x00, 0x00, 0x00, 0x00, 0x0e, 0x0e, 0x0e, 0x0e, 0x8e, 0xbf, 0xef,
    0x0c, 0x00, 0x01, 0x01, 0x00, 0x80, 0xc0, 0x7f, 0x30, 0x20, 0x20, 0x20, 0x60, 0x60, 0x40, 0xc0,
    0x80, 0x80, 0x80, 0x80, 0x80, 0xc0, 0x40, 0xc0, 0x00, 0x00, 0x00, 0x00, 0x00, 0x00, 0x00, 0x00,
    0x00, 0x00, 0x00, 0x00, 0x00, 0x80, 0xf2, 0x7e, 0x0e, 0x02, 0x02, 0x02, 0x86, 0xfc, 0xf0, 0x00,
    0x40, 0xe0, 0xc0, 0x00, 0x00, 0xc0, 0xe0, 0x00, 0x00, 0x00, 0x80, 0xcc, 0x66, 0x23, 0x20, 0xe0,
    0xc0, 0x00, 0x00, 0xf2, 0xfe, 0x9e, 0xc2, 0x60, 0x60, 0x40, 0x00, 0x00, 0x00, 0x00, 0x80, 0x80,
    0xc0, 0x60, 0x00, 0x80, 0xc0, 0x60, 0x30, 0x1f, 0x00, 0x00, 0x00, 0x00, 0x00, 0x00, 0x00, 0x00,
    0x00, 0x00, 0x00, 0x08, 0x0c, 0x0f, 0x0f, 0x08, 0x08, 0x08, 0x0c, 0x06, 0x03, 0x01, 0x00, 0x00,
    0x0f, 0x0f, 0x08, 0x04, 0x0e, 0x0f, 0x09, 0x04, 0x00, 0x07, 0x0f, 0x09, 0x08, 0x08, 0x0c, 0x04,
    0x00, 0x0c, 0x0f, 0x03, 0x01, 0x01, 0x0f, 0x0c, 0x08, 0x00, 0x00, 0x0c, 0x0c, 0x00, 0x08, 0x08,
    0x0c, 0x06, 0x03, 0x09, 0x08, 0x08, 0x08, 0x08, 0x00, 0x08, 0x00, 0x00, 0x08, 0x00, 0x00, 0x00,
  },
  { // frame 7
    0x00, 0x00, 0x00, 0x00, 0x00, 0x00, 0x00, 0x00, 0x00, 0x00, 0x00, 0x00, 0x00, 0x00, 0x00, 0x00,
    0x00, 0x00, 0x00, 0x00, 0x00, 0x00, 0x00, 0x00, 0x00, 0x00, 0x00, 0x00, 0xc0, 0x60, 0x30, 0x10,
    0x10, 0x10, 0x10, 0x30, 0x60, 0xc0, 0x00, 0x00, 0x00, 0x00, 0x00, 0x00, 0x00, 0x00, 0x00, 0x00,
    0x00, 0x00, 0x00, 0x00, 0x00, 0x00, 0x00, 0x00, 0x00, 0x00, 0x00, 0x00, 0x00, 0x00, 0x00, 0x00,
    0x00, 0x00, 0x00, 0x00, 0x00, 0x00, 0x00, 0x00, 0x00, 0x00, 0x00, 0x00, 0x00, 0x00, 0x00, 0x00,
    0x00, 0x00, 0x00, 0x00, 0x00, 0x00, 0x00, 0x0e, 0x0e, 0x0e, 0x0e, 0x8e, 0xbf, 0xef, 0x0c, 0x00,
    0x01, 0x01, 0x00, 0x80, 0xc0, 0x7f, 0x30, 0x20, 0x20, 0x20, 0x20, 0x60, 0x40, 0xc0, 0x80, 0x80,
    0x00, 0x00, 0x00, 0x00, 0x00, 0x00, 0x00, 0x00, 0x00, 0x00, 0x00, 0x00, 0x00, 0x00, 0x00, 0x00,
    0x00, 0x00, 0x00, 0x00, 0x00, 0x80, 0xf2, 0x7e, 0x0e, 0x02, 0x02, 0x02, 0x86, 0xfc, 0xf0, 0x00,
    0x40, 0xe0, 0xc0, 0x00, 0x00, 0xc0, 0xe0, 0x00, 0x00, 0x3e, 0x83, 0xc1, 0x60, 0x20, 0x20, 0xe0,
    0xc0, 0x00, 0x00, 0xf2, 0xfe, 0x9e, 0xc2, 0x60, 0x60, 0x40, 0x00, 0x00, 0x00, 0x00, 0xc0, 0x01,
    0x01, 0x81, 0xc1, 0x7f, 0x00, 0x00, 0x00, 0x00, 0x00, 0x00, 0x00, 0x00, 0x00, 0x00, 0x00, 0x00,
    0x00, 0x00, 0x00, 0x08, 0x0c, 0x0f, 0x0f, 0x08, 0x08, 0x08, 0x0c, 0x06, 0x03, 0x01, 0x00, 0x00,
    0x0f, 0x0f, 0x08, 0x04, 0x0e, 0x0f, 0x09, 0x04, 0x00, 0x07, 0x0f, 0x09, 0x08, 0x08, 0x0c, 0x04,
    0x00, 0x0c, 0x0f, 0x03, 0x01, 0x01, 0x0f, 0x0c, 0x08, 0x00, 0x00, 0x0c, 0x0c, 0x00, 0x0c, 0x06,
    0x03, 0x09, 0x08, 0x08, 0x08, 0x08, 0x08, 0x08, 0x00, 0x08, 0x00, 0x00, 0x00, 0x00, 0x00, 0x00,
  },
  { // frame 8
    0x00, 0x00, 0x00, 0x00, 0x00, 0x00, 0x00, 0x00, 0x00, 0x00, 0x00, 0x00, 0x00, 0x00, 0x00, 0x00,
    0x00, 0x00, 0x00, 0x00, 0x00, 0x00, 0x00, 0x00, 0x00, 0x00, 0xc0, 0x60, 0x30, 0x10, 0x10, 0x10,
    0x10, 0x30, 0x60, 0xc0, 0x00, 0x00, 0x00, 0x00, 0x00, 0x00, 0x00, 0x00, 0x00, 0x00, 0x00, 0x00,
    0x00, 0x00, 0x00, 0x00, 0x00, 0x00, 0x00, 0x00, 0x00, 0x00, 0x00, 0x00, 0x00, 0x00, 0x00, 0x00,
    0x00, 0x00, 0x00, 0x00, 0x00, 0x00, 0x00, 0x00, 0x00, 0x00, 0x00, 0x00, 0x00, 0x00, 0x00, 0x00,
    0x00, 0x00, 0x00, 0x00, 0x00, 0x0e, 0x0e, 0x0e, 0x0e, 0x8e, 0xbf, 0xef, 0x0c, 0x00, 0x01, 0x01,
    0x00, 0x80, 0xc0, 0x7f, 0x30, 0x20, 0x20, 0x20, 0x60, 0x60, 0x40, 0xc0, 0x80, 0x80, 0x80, 0x80,
    0x80, 0x80, 0x00, 0x00, 0x00, 0x00, 0x00, 0x00, 0x00, 0x00, 0x00, 0x00, 0x00, 0x00, 0x00, 0x00,
    0x00, 0x00, 0x00, 0x00, 0x00, 0x80, 0xf2, 0x7e, 0x0e, 0x02, 0x02, 0x02, 0x86, 0xfc, 0xf0, 0x00,
    0x40, 0xe0, 0xc0, 0x00, 0x00, 0xc0, 0xe0, 0x00, 0x0f, 0x01, 0x80, 0xc0, 0x60, 0x20, 0x20, 0xe0,
    0xc0, 0x00, 0x00, 0xf2, 0xfe, 0x9e, 0xc2, 0x60, 0x60, 0x40, 0x00, 0x00, 0x00, 0x00, 0x00, 0x80,
    0xc0, 0x61, 0x31, 0x1f, 0x00, 0x00, 0x00, 0x00, 0x00, 0x00, 0x00, 0x00, 0x00, 0x00, 0x00, 0x00,
    0x00, 0x00, 0x00, 0x08, 0x0c, 0x0f, 0x0f, 0x08, 0x08, 0x08, 0x0c, 0x06, 0x03, 0x01, 0x00, 0x00,
    0x0f, 0x0f, 0x08, 0x04, 0x0e, 0x0f, 0x09, 0x04, 0x00, 0x07, 0x0f, 0x09, 0x08, 0x08, 0x0c, 0x04,
    0x00, 0x0c, 0x0f, 0x03, 0x01, 0x01, 0x0f, 0x0c, 0x08, 0x00, 0x00, 0x0c, 0x0c, 0x00, 0x03, 0x09,
    0x08, 0x08, 0x08, 0x08, 0x00, 0x08, 0x08, 0x00, 0x00, 0x08, 0x00, 0x00, 0x00, 0x00, 0x00, 0x00,
  },
  { // frame 9
    0x00, 0x00, 0x00, 0x00, 0x00, 0x00, 0x00, 0x00, 0x00, 0x00, 0x00, 0x00, 0x00, 0x00, 0x00, 0x00,
    0x00, 0x00, 0x00, 0x00, 0x00, 0x00, 0x00, 0x00, 0xc0, 0x60, 0x30, 0x10, 0x10, 0x10, 0x10, 0x30,
    0x60, 0xc0, 0x00, 0x00, 0x00, 0x00, 0x00, 0x00, 0x00, 0x00, 0x00, 0x00, 0x00, 0x00, 0x00, 0x00,
    0x00, 0x00, 0x00, 0x00, 0x00, 0x00, 0x00, 0x00, 0x00, 0x00, 0x00, 0x00, 0x00, 0x00, 0x00, 0x00,
    0x00, 0x00, 0x00, 0x00, 0x00, 0x00, 0x00, 0x00, 0x00, 0x00, 0x00, 0x00, 0x00, 0x00, 0x00, 0x00,
    0x00, 0x00, 0x00, 0x06, 0x06, 0x06, 0x26, 0xb6, 0xbf, 0xff, 0x0c, 0x00, 0x01, 0x01, 0x00, 0x80,
    0xc0, 0x7f, 0x30, 0x20, 0x20, 0x20, 0x20, 0x60, 0x40, 0xc0, 0x80, 0x80, 0x00, 0x00, 0x00, 0x00,
    0x00, 0x00, 0x00, 0x00, 0x00, 0x00, 0x00, 0x00, 0x00, 0x00, 0x00, 0x00, 0x00, 0x00, 0x00, 0x00,
    0x00, 0x00, 0x00, 0x00, 0x00, 0x80, 0xf2, 0x7e, 0x0e, 0x02, 0x02, 0x02, 0x86, 0xfc, 0xf0, 0x00,
    0x40, 0xe0, 0xc0, 0x00, 0x00, 0xce, 0xe3, 0x01, 0x00, 0x00, 0x80, 0xc0, 0x60, 0x20, 0x20, 0xe0,
    0xc0, 0x00, 0x00, 0xf2, 0xfe, 0x9e, 0xc2, 0x60, 0x60, 0x40, 0x00, 0x01, 0x01, 0x01, 0xc1, 0x7f,
    0x00, 0x00, 0x00, 0x00, 0x00, 0x00, 0x00, 0x00, 0x00, 0x00, 0x00, 0x00, 0x00, 0x00, 0x00, 0x00,
    0x00, 0x00, 0x00, 0x08, 0x0c, 0x0f, 0x0f, 0x08, 0x08, 0x08, 0x0c, 0x06, 0x03, 0x01, 0x00, 0x00,
    0x0f, 0x0f, 0x08, 0x04, 0x0e, 0x0f, 0x09, 0x04, 0x00, 0x07, 0x0f, 0x09, 0x08, 0x08, 0x0c, 0x04,
    0x00, 0x0c, 0x0f, 0x03, 0x01, 0x01, 0x0f, 0x0c, 0x08, 0x00, 0x00, 0x0c, 0x0c, 0x00, 0x08, 0x08,
    0x08, 0x08, 0x00, 0x08, 0x00, 0x00, 0x00, 0x08, 0x00, 0x00, 0x00, 0x00, 0x00, 0x00, 0x00, 0x00,
  },
  { // frame 10
    0x00, 0x00, 0x00, 0x00, 0x00, 0x00, 0x00, 0x00, 0x00, 0x00, 0x00, 0x00, 0x00, 0x00, 0x00, 0x00,
    0x00, 0x00, 0x00, 0x00, 0x00, 0x00, 0xc0, 0x60, 0x30, 0x10, 0x10, 0x10, 0x10, 0x30, 0x60, 0xc0,
    0x00, 0x00, 0x00, 0x00, 0x00, 0x00, 0x00, 0x00, 0x00, 0x00, 0x00, 0x00, 0x00, 0x00, 0x00, 0x00,
    0x00, 0x00, 0x00, 0x00, 0x00, 0x00, 0x00, 0x00, 0x00, 0x00, 0x00, 0x00, 0x00, 0x00, 0x00, 0x00,
    0x00, 0x00, 0x00, 0x00, 0x00, 0x00, 0x00, 0x00, 0x00, 0x00, 0x00, 0x00, 0x00, 0x00, 0x00, 0x00,
    0x00, 0x06, 0x06, 0x06, 0x26, 0xb6, 0xbf, 0xff, 0x0c, 0x00, 0x01, 0x01, 0x00, 0x80, 0xc0, 0x7f,
    0x30, 0x20, 0x20, 0x20, 0x60, 0x60, 0x40, 0xc0, 0x80, 0x80, 0x80, 0x80, 0x80, 0xc0, 0x40, 0xc0,
    0x00, 0x00, 0x00, 0x00, 0x00, 0x00, 0x00, 0x00, 0x00, 0x00, 0x00, 0x00, 0x00, 0x00, 0x00, 0x00,
    0x00, 0x00, 0x00, 0x00, 0x00, 0x80, 0xf2, 0x7e, 0x0e, 0x02, 0x02, 0x02, 0x86, 0xfc, 0xf0, 0x00,
    0x40, 0xe0, 0xc0, 0x0c, 0x06, 0xc3, 0xe0, 0x00, 0x00, 0x00, 0x80, 0xc0, 0x60, 0x20, 0x20, 0xe0,
    0xc0, 0x00, 0x00, 0xf2, 0xfe, 0x9e, 0xc2, 0x60, 0x60, 0x40, 0x00, 0x00, 0x00, 0x00, 0x30, 0x1f,
    0x00, 0x00, 0x00, 0x00, 0x00, 0x00, 0x00, 0x00, 0x00, 0x00, 0x00, 0x00, 0x00, 0x00, 0x00, 0x00,
    0x00, 0x00, 0x00, 0x08, 0x0c, 0x0f, 0x0f, 0x08, 0x08, 0x08, 0x0c, 0x06, 0x03, 0x01, 0x00, 0x00,
    0x0f, 0x0f, 0x08, 0x04, 0x0e, 0x0f, 0x09, 0x04, 0x00, 0x07, 0x0f, 0x09, 0x08, 0x08, 0x0c, 0x04,
    0x00, 0x0c, 0x0f, 0x03, 0x01, 0x01, 0x0f, 0x0c, 0x08, 0x00, 0x00, 0x0c, 0x0c, 0x00, 0x08, 0x08,
    0x00, 0x08, 0x08, 0x00, 0x00, 0x00, 0x00, 0x00, 0x00, 0x00, 0x00, 0x00, 0x00, 0x00, 0x00, 0x00,
  },
  { // frame 11
    0x00, 0x00, 0x00, 0x00, 0x00, 0x00, 0x00, 0x00, 0x00, 0x00, 0x00, 0x00, 0x00, 0x00, 0x00, 0x00,
    0x00, 0x00, 0x00, 0x00, 0xc0, 0x60, 0x30, 0x10, 0x10, 0x10, 0x10, 0x30, 0x60, 0xc0, 0x00, 0x00,
    0x00, 0x00, 0x00, 0x00, 0x00, 0x00, 0x00, 0x00, 0x00, 0x00, 0x00, 0x00, 0x00, 0x00, 0x00, 0x00,
    0x00, 0x00, 0x00, 0x00, 0x00, 0x00, 0x00, 0x00, 0x00, 0x00, 0x00, 0x00, 0x00, 0x00, 0x00, 0x00,
    0x00, 0x00, 0x00, 0x00, 0x00, 0x00, 0x00, 0x00, 0x00, 0x00, 0x00, 0x00, 0x00, 0x00, 0x00, 0x06,
    0x06, 0x06, 0x26, 0xb6, 0xbf, 0xff, 0x0c, 0x00, 0x01, 0x01, 0x00, 0x80, 0xc0, 0x7f, 0x30, 0x20,
    0x20, 0x20, 0x60, 0x60, 0x40, 0xc0, 0x80, 0x80, 0x80, 0x80, 0x80, 0xc0, 0x40, 0xc0, 0x00, 0x00,
    0x00, 0x00, 0x00, 0x00, 0x00, 0x00, 0x00, 0x00, 0x00, 0x00, 0x00, 0x00, 0x00, 0x00, 0x00, 0x00,
    0x00, 0x00, 0x00, 0x00, 0x00, 0x80, 0xf2, 0x7e, 0x0e, 0x02, 0x02, 0x02, 0x86, 0xfc, 0xf0, 0x00,
    0x40, 0xec, 0xc6, 0x03, 0x00, 0xc0, 0xe0, 0x00, 0x00, 0x00, 0x80, 0xc0, 0x60, 0x20, 0x20, 0xe0,
    0xc0, 0x00, 0x00, 0xf2, 0xfe, 0x9e, 0xc2, 0x60, 0x60, 0x40, 0x00, 0x60, 0x30, 0x1f, 0x00, 0x00,
    0x00, 0x00, 0x00, 0x00, 0x00, 0x00, 0x00, 0x00, 0x00, 0x00, 0x00, 0x00, 0x00, 0x00, 0x00, 0x00,
    0x00, 0x00, 0x00, 0x08, 0x0c, 0x0f, 0x0f, 0x08, 0x08, 0x08, 0x0c, 0x06, 0x03, 0x01, 0x00, 0x00,
    0x0f, 0x0f, 0x08, 0x04, 0x0e, 0x0f, 0x09, 0x04, 0x00, 0x07, 0x0f, 0x09, 0x08, 0x08, 0x0c, 0x04,
    0x00, 0x0c, 0x0f, 0x03, 0x01, 0x01, 0x0f, 0x0c, 0x08, 0x00, 0x00, 0x0c, 0x0c, 0x00, 0x00, 0x08,
    0x00, 0x00, 0x08, 0x00, 0x00, 0x00, 0x00, 0x00, 0x00, 0x00, 0x00, 0x00, 0x00, 0x00, 0x00, 0x00,
  },
  { // frame 12
    0x00, 0x00, 0x00, 0x00, 0x00, 0x00, 0x00, 0x00, 0x00, 0x00, 0x00, 0x00, 0x00, 0x00, 0x00, 0x00,
    0x00, 0x00, 0xc0, 0x60, 0x30, 0x10, 0x10, 0x10, 0x10, 0x30, 0x60, 0xc0, 0x00, 0x00, 0x00, 0x00,
    0x00, 0x00, 0x00, 0x00, 0x00, 0x00, 0x00, 0x00, 0x00, 0x00, 0x00, 0x00, 0x00, 0x00, 0x00, 0x00,
    0x00, 0x00, 0x00, 0x00, 0x00, 0x00, 0x00, 0x00, 0x00, 0x00, 0x00, 0x00, 0x00, 0x00, 0x00, 0x00,
    0x00, 0x00, 0x00, 0x00, 0x00, 0x00, 0x00, 0x00, 0x00, 0x00, 0x00, 0x00, 0x00, 0x06, 0x06, 0x06,
    0x26, 0xb6, 0xbf, 0xff, 0x0c, 0x00, 0x01, 0x01, 0x00, 0x80, 0xc0, 0x7f, 0x30, 0x20, 0x20, 0x20,
    0x20, 0x60, 0x40, 0xc0, 0x80, 0x80, 0x80, 0x80, 0x80, 0x00, 0x00, 0x00, 0x00, 0x00, 0x00, 0x00,
    0x00, 0x00, 0x00, 0x00, 0x00, 0x00, 0x00, 0x00, 0x00, 0x00, 0x00, 0x00, 0x00, 0x00, 0x00, 0x00,
    0x00, 0x00, 0x00, 0x00, 0x00, 0x80, 0xf2, 0x7e, 0x0e, 0x02, 0x02, 0x02, 0x86, 0xfc, 0xf0, 0x02,
    0x43, 0xe1, 0xc0, 0x00, 0x00, 0xc0, 0xe0, 0x00, 0x00, 0x00, 0x80, 0xc0, 0x60, 0x20, 0x20, 0xe0,
    0xc0, 0x00, 0x00, 0xf2, 0xfe, 0x9e, 0xc2, 0x60, 0x61, 0x4f, 0x00, 0x00, 0x00, 0x00, 0x00, 0x00,
    0x00, 0x00, 0x00, 0x00, 0x00, 0x00, 0x00, 0x00, 0x00, 0x00, 0x00, 0x00, 0x00, 0x00, 0x00, 0x00,
    0x00, 0x00, 0x00, 0x08, 0x0c, 0x0f, 0x0f, 0x08, 0x08, 0x08, 0x0c, 0x06, 0x03, 0x01, 0x00, 0x00,
    0x0f, 0x0f, 0x08, 0x04, 0x0e, 0x0f, 0x09, 0x04, 0x00, 0x07, 0x0f, 0x09, 0x08, 0x08, 0x0c, 0x04,
    0x00, 0x0c, 0x0f, 0x03, 0x01, 0x01, 0x0f, 0x0c, 0x08, 0x00, 0x00, 0x0c, 0x0c, 0x00, 0x00, 0x00,
    0x00, 0x00, 0x00, 0x00, 0x00, 0x00, 0x00, 0x00, 0x00, 0x00, 0x00, 0x00, 0x00, 0x00, 0x00, 0x00,
  },
  { // frame 13
    0x00, 0x00, 0x00, 0x00, 0x00, 0x00, 0x00, 0x00, 0x00, 0x00, 0x00, 0x00, 0x00, 0x00, 0x00, 0x00,
    0xc0, 0x60, 0x30, 0x10, 0x10, 0x10, 0x10, 0x30, 0x60, 0xc0, 0x00, 0x00, 0x00, 0x00, 0x00, 0x00,
    0x00, 0x00, 0x00, 0x00, 0x00, 0x00, 0x00, 0x00, 0x00, 0x00, 0x00, 0x00, 0x00, 0x00, 0x00, 0x00,
    0x00, 0x00, 0x00, 0x00, 0x00, 0x00, 0x00, 0x00, 0x00, 0x00, 0x00, 0x00, 0x00, 0x00, 0x00, 0x00,
    0x00, 0x00, 0x00, 0x00, 0x00, 0x00, 0x00, 0x00, 0x00, 0x00, 0x00, 0x06, 0x06, 0x06, 0x26, 0xb6,
    0xbf, 0xff, 0x0c, 0x00, 0x01, 0x01, 0x00, 0x80, 0xc0, 0x7f, 0x30, 0x20, 0x20, 0x20, 0x60, 0x60,
    0x40, 0xc0, 0x80, 0x80, 0x80, 0x80, 0x80, 0xc0, 0x40, 0xc0, 0x00, 0x00, 0x00, 0x00, 0x00, 0x00,
    0x00, 0x00, 0x00, 0x00, 0x00, 0x00, 0x00, 0x00, 0x00, 0x00, 0x00, 0x00, 0x00, 0x00, 0x00, 0x00,
    0x00, 0x00, 0x00, 0x00, 0x00, 0x80, 0xf2, 0x7e, 0x0e, 0x02, 0x02, 0x02, 0x86, 0xfc, 0xf0, 0x03,
    0x40, 0xe0, 0xc0, 0x00, 0x00, 0xc0, 0xe0, 0x00, 0x00, 0x00, 0x80, 0xc0, 0x60, 0x20, 0x20, 0xe0,
    0xc0, 0x00, 0x00, 0xf2, 0xfe, 0x9e, 0xc2, 0x60, 0x60, 0x47, 0x00, 0x00, 0x00, 0x00, 0x00, 0x00,
    0x00, 0x00, 0x00, 0x00, 0x00, 0x00, 0x00, 0x00, 0x00, 0x00, 0x00, 0x00, 0x00, 0x00, 0x00, 0x00,
    0x00, 0x00, 0x00, 0x08, 0x0c, 0x0f, 0x0f, 0x08, 0x08, 0x08, 0x0c, 0x06, 0x03, 0x01, 0x00, 0x00,
    0x0f, 0x0f, 0x08, 0x04, 0x0e, 0x0f, 0x09, 0x04, 0x00, 0x07, 0x0f, 0x09, 0x08, 0x08, 0x0c, 0x04,
    0x00, 0x0c, 0x0f, 0x03, 0x01, 0x01, 0x0f, 0x0c, 0x08, 0x00, 0x00, 0x0c, 0x0c, 0x00, 0x00, 0x08,
    0x00, 0x00, 0x00, 0x00, 0x00, 0x00, 0x00, 0x00, 0x00, 0x00, 0x00, 0x00, 0x00, 0x00, 0x00, 0x00,
  },
  { // frame 14
    0x00, 0x00, 0x00, 0x00, 0x00, 0x00, 0x00, 0x00, 0x00, 0x00, 0x00, 0x00, 0x00, 0x00, 0xc0, 0x60,
    0x30, 0x10, 0x10, 0x10, 0x10, 0x30, 0x60, 0xc0, 0x00, 0x00, 0x00, 0x00, 0x00, 0x00, 0x00, 0x00,
    0x00, 0x00, 0x00, 0x00, 0x00, 0x00, 0x00, 0x00, 0x00, 0x00, 0x00, 0x00, 0x00, 0x00, 0x00, 0x00,
    0x00, 0x00, 0x00, 0x00, 0x00, 0x00, 0x00, 0x00, 0x00, 0x00, 0x00, 0x00, 0x00, 0x00, 0x00, 0x00,
    0x00, 0x00, 0x00, 0x00, 0x00, 0x00, 0x00, 0x00, 0x00, 0x0e, 0x0e, 0x0e, 0x0e, 0x8e, 0xbf, 0xef,
    0x0c, 0x00, 0x01, 0x01, 0x00, 0x80, 0xc0, 0x7f, 0x30, 0x20, 0x20, 0x20, 0x20, 0x60, 0x40, 0xc0,
    0x80, 0x80, 0x00, 0x00, 0x00, 0x00, 0x00, 0x00, 0x00, 0x00, 0x00, 0x00, 0x00, 0x00, 0x00, 0x00,
    0x00, 0x00, 0x00, 0x00, 0x00, 0x00, 0x00, 0x00, 0x00, 0x00, 0x00, 0x00, 0x00, 0x00, 0x00, 0x00,
    0x00, 0x00, 0x00, 0x00, 0x00, 0x80, 0xf2, 0x7e, 0x0e, 0x02, 0x02, 0x02, 0x86, 0xfc, 0xf0, 0x00,
    0x40, 0xe0, 0xc0, 0x00, 0x00, 0xc0, 0xe0, 0x00, 0x00, 0x00, 0x80, 0xc0, 0x60, 0x20, 0x20, 0xe0,
    0xc0, 0x01, 0x00, 0xf2, 0xfe, 0x9e, 0xc2, 0x60, 0x60, 0x40, 0x00, 0x00, 0x00, 0x00, 0x00, 0x00,
    0x00, 0x00, 0x00, 0x00, 0x00, 0x00, 0x00, 0x00, 0x00, 0x00, 0x00, 0x00, 0x00, 0x00, 0x00, 0x00,
    0x00, 0x00, 0x00, 0x08, 0x0c, 0x0f, 0x0f, 0x08, 0x08, 0x08, 0x0c, 0x06, 0x03, 0x01, 0x00, 0x00,
    0x0f, 0x0f, 0x08, 0x04, 0x0e, 0x0f, 0x09, 0x04, 0x00, 0x07, 0x0f, 0x09, 0x08, 0x08, 0x0c, 0x04,
    0x00, 0x0c, 0x0f, 0x03, 0x01, 0x01, 0x0f, 0x0c, 0x08, 0x00, 0x00, 0x0c, 0x0c, 0x00, 0x00, 0x00,
    0x00, 0x00, 0x00, 0x00, 0x00, 0x00, 0x00, 0x00, 0x00, 0x00, 0x00, 0x00, 0x00, 0x00, 0x00, 0x00,
  },
  { // frame 15
    0x00, 0x00, 0x00, 0x00, 0x00, 0x00, 0x00, 0x00, 0x00, 0x00, 0x00, 0x00, 0xc0, 0x60, 0x30, 0x10,
    0x10, 0x10, 0x10, 0x30, 0x60, 0xc0, 0x00, 0x00, 0x00, 0x00, 0x00, 0x00, 0x00, 0x00, 0x00, 0x00,
    0x00, 0x00, 0x00, 0x00, 0x00, 0x00, 0x00, 0x00, 0x00, 0x00, 0x00, 0x00, 0x00, 0x00, 0x00, 0x00,
    0x00, 0x00, 0x00, 0x00, 0x00, 0x00, 0x00, 0x00, 0x00, 0x00, 0x00, 0x00, 0x00, 0x00, 0x00, 0x00,
    0x00, 0x00, 0x00, 0x00, 0x00, 0x00, 0x00, 0x0e, 0x0e, 0x0e, 0x0e, 0x8e, 0xbf, 0xef, 0x0c, 0x00,
    0x01, 0x01, 0x00, 0x80, 0xc0, 0x7f, 0x30, 0x20, 0x20, 0x20, 0x60, 0x60, 0x40, 0xc0, 0x80, 0x80,
    0x80, 0x80, 0x80, 0x80, 0x00, 0x00, 0x00, 0x00, 0x00, 0x00, 0x00, 0x00, 0x00, 0x00, 0x00, 0x00,
    0x00, 0x00, 0x00, 0x00, 0x00, 0x00, 0x00, 0x00, 0x00, 0x00, 0x00, 0x00, 0x00, 0x00, 0x00, 0x00,
    0x00, 0x00, 0x00, 0x00, 0x00, 0x80, 0xf2, 0x7e, 0x0e, 0x02, 0x02, 0x02, 0x86, 0xfc, 0xf0, 0x00,
    0x40, 0xe0, 0xc0, 0x00, 0x00, 0xc0, 0xe0, 0x00, 0x00, 0x00, 0x80, 0xc0, 0x60, 0x20, 0x20, 0xe0,
    0xc0, 0x00, 0x00, 0xf2, 0xfe, 0x9e, 0xc2, 0x60, 0x60, 0x40, 0x00, 0x00, 0x00, 0x00, 0x00, 0x00,
    0x00, 0x00, 0x00, 0x00, 0x00, 0x00, 0x00, 0x00, 0x00, 0x00, 0x00, 0x00, 0x00, 0x00, 0x00, 0x00,
    0x00, 0x00, 0x00, 0x08, 0x0c, 0x0f, 0x0f, 0x08, 0x08, 0x08, 0x0c, 0x06, 0x03, 0x01, 0x00, 0x00,
    0x0f, 0x0f, 0x08, 0x04, 0x0e, 0x0f, 0x09, 0x04, 0x00, 0x07, 0x0f, 0x09, 0x08, 0x08, 0x0c, 0x04,
    0x00, 0x0c, 0x0f, 0x03, 0x01, 0x01, 0x0f, 0x0c, 0x08, 0x00, 0x00, 0x0c, 0x0c, 0x00, 0x00, 0x00,
    0x00, 0x00, 0x00, 0x00, 0x00, 0x00, 0x00, 0x00, 0x00, 0x00, 0x00, 0x00, 0x00, 0x00, 0x00, 0x00,
  },
  { // frame 16
    0x00, 0x00, 0x00, 0x00, 0x00, 0x00, 0x00, 0x00, 0x00, 0x00, 0xc0, 0x60, 0x30, 0x10, 0x10, 0x10,
    0x10, 0x30, 0x60, 0xc0, 0x00, 0x00, 0x00, 0x00, 0x00, 0x00, 0x00, 0x00, 0x00, 0x00, 0x00, 0x00,
    0x00, 0x00, 0x00, 0x00, 0x00, 0x00, 0x00, 0x00, 0x00, 0x00, 0x00, 0x00, 0x00, 0x00, 0x00, 0x00,
    0x00, 0x00, 0x00, 0x00, 0x00, 0x00, 0x00, 0x00, 0x00, 0x00, 0x00, 0x00, 0x00, 0x00, 0x00, 0x00,
    0x00, 0x00, 0x00, 0x00, 0x00, 0x0e, 0x0e, 0x0e, 0x0e, 0x8e, 0xbf, 0xef, 0x0c, 0x00, 0x01, 0x01,
    0x00, 0x80, 0xc0, 0x7f, 0x30, 0x20, 0x20, 0x20, 0x20, 0x60, 0x40, 0xc0, 0x80, 0x80, 0x00, 0x00,
    0x00, 0x00, 0x00, 0x00, 0x00, 0x00, 0x00, 0x00, 0x00, 0x00, 0x00, 0x00, 0x00, 0x00, 0x00, 0x00,
    0x00, 0x00, 0x00, 0x00, 0x00, 0x00, 0x00, 0x00, 0x00, 0x00, 0x00, 0x00, 0x00, 0x00, 0x00, 0x00,
    0x00, 0x00, 0x00, 0x00, 0x00, 0x80, 0xf2, 0x7e, 0x0e, 0x02, 0x02, 0x02, 0x86, 0xfc, 0xf0, 0x00,
    0x40, 0xe0, 0xc0, 0x00, 0x00, 0xc0, 0xe0, 0x00, 0x00, 0x00, 0x80, 0xc0, 0x60, 0x21, 0x21, 0xe1,
    0xc1, 0x07, 0x00, 0xf2, 0xfe, 0x9e, 0xc2, 0x60, 0x60, 0x40, 0x00, 0x00, 0x00, 0x00, 0x00, 0x00,
    0x00, 0x00, 0x00, 0x00, 0x00, 0x00, 0x00, 0x00, 0x00, 0x00, 0x00, 0x00, 0x00, 0x00, 0x00, 0x00,
    0x00, 0x00, 0x00, 0x08, 0x0c, 0x0f, 0x0f, 0x08, 0x08, 0x08, 0x0c, 0x06, 0x03, 0x01, 0x00, 0x00,
    0x0f, 0x0f, 0x08, 0x04, 0x0e, 0x0f, 0x09, 0x04, 0x00, 0x07, 0x0f, 0x09, 0x08, 0x08, 0x0c, 0x04,
    0x00, 0x0c, 0x0f, 0x03, 0x01, 0x01, 0x0f, 0x0c, 0x08, 0x00, 0x00, 0x0c, 0x0c, 0x00, 0x00, 0x00,
    0x00, 0x00, 0x00, 0x00, 0x00, 0x00, 0x00, 0x00, 0x00, 0x00, 0x00, 0x00, 0x00, 0x00, 0x00, 0x00,
  },
  { // frame 17
    0x00, 0x00, 0x00, 0x00, 0x00, 0x00, 0x00, 0x00, 0xc0, 0x60, 0x30, 0x10, 0x10, 0x10, 0x10, 0x30,
    0x60, 0xc0, 0x00, 0x00, 0x00, 0x00, 0x00, 0x00, 0x00, 0x00, 0x00, 0x00, 0x00, 0x00, 0x00, 0x00,
    0x00, 0x00, 0x00, 0x00, 0x00, 0x00, 0x00, 0x00, 0x00, 0x00, 0x00, 0x00, 0x00, 0x00, 0x00, 0x00,
    0x00, 0x00, 0x00, 0x00, 0x00, 0x00, 0x00, 0x00, 0x00, 0x00, 0x00, 0x00, 0x00, 0x00, 0x00, 0x00,
    0x00, 0x00, 0x00, 0x0e, 0x0e, 0x0e, 0x0e, 0x8e, 0xbf, 0xef, 0x0c, 0x00, 0x01, 0x01, 0x00, 0x80,
    0xc0, 0x7f, 0x30, 0x20, 0x20, 0x20, 0x60, 0x60, 0x40, 0xc0, 0x80, 0x80, 0x80, 0x80, 0x80, 0xc0,
    0x40, 0xc0, 0x00, 0x00, 0x00, 0x00, 0x00, 0x00, 0x00, 0x00, 0x00, 0x00, 0x00, 0x00, 0x00, 0x00,
    0x00, 0x00, 0x00, 0x00, 0x00, 0x00, 0x00, 0x00, 0x00, 0x00, 0x00, 0x00, 0x00, 0x00, 0x00, 0x00,
    0x00, 0x00, 0x00, 0x00, 0x00, 0x80, 0xf2, 0x7e, 0x0e, 0x02, 0x02, 0x02, 0x86, 0xfc, 0xf0, 0x00,
    0x40, 0xe0, 0xc0, 0x00, 0x00, 0xc0, 0xe0, 0x00, 0x00, 0x00, 0x80, 0xc0, 0x60, 0x20, 0x20, 0xe0,
    0xc0, 0x0f, 0x00, 0xf2, 0xfe, 0x9e, 0xc2, 0x60, 0x60, 0x40, 0x00, 0x00, 0x00, 0x00, 0x00, 0x00,
    0x00, 0x00, 0x00, 0x00, 0x00, 0x00, 0x00, 0x00, 0x00, 0x00, 0x00, 0x00, 0x00, 0x00, 0x00, 0x00,
    0x00, 0x00, 0x00, 0x08, 0x0c, 0x0f, 0x0f, 0x08, 0x08, 0x08, 0x0c, 0x06, 0x03, 0x01, 0x00, 0x00,
    0x0f, 0x0f, 0x08, 0x04, 0x0e, 0x0f, 0x09, 0x04, 0x00, 0x07, 0x0f, 0x09, 0x08, 0x08, 0x0c, 0x04,
    0x00, 0x0c, 0x0f, 0x03, 0x01, 0x01, 0x0f, 0x0c, 0x08, 0x00, 0x00, 0x0c, 0x0c, 0x00, 0x00, 0x00,
    0x00, 0x00, 0x00, 0x00, 0x00, 0x00, 0x00, 0x00, 0x00, 0x00, 0x00, 0x00, 0x00, 0x00, 0x00, 0x00,
  },
};

static const uint8_t PICOPRO_SELECTOR_CRUSH_ICON_FRAMES[][PICOPRO_SELECTOR_ICON_FRAME_BYTES] = {
  { // frame 1
    0x00, 0x00, 0x00, 0x00, 0x00, 0x00, 0x00, 0x00, 0x00, 0x00, 0x00, 0x00, 0x00, 0x00, 0x00, 0x00,
    0x00, 0x00, 0x00, 0x00, 0x00, 0x00, 0x00, 0x80, 0x80, 0x80, 0x80, 0x80, 0x00, 0x00, 0x00, 0x00,
    0x00, 0x00, 0x00, 0x00, 0x00, 0x00, 0x00, 0x00, 0x00, 0x00, 0x80, 0x80, 0x80, 0x80, 0x80, 0x00,
    0x00, 0x00, 0x00, 0x00, 0x00, 0x00, 0x00, 0x00, 0x00, 0x00, 0x00, 0x00, 0x00, 0x00, 0x00, 0x00,
    0x00, 0x00, 0x00, 0x80, 0x80, 0x80, 0x80, 0x80, 0x80, 0x80, 0x80, 0x80, 0xfc, 0x04, 0x04, 0xfc,
    0x00, 0x00, 0x80, 0x80, 0x80, 0x80, 0x80, 0xff, 0x00, 0x00, 0x00, 0xff, 0x00, 0x00, 0x00, 0x80,
    0x80, 0x80, 0x80, 0x80, 0xf8, 0x08, 0x08, 0xf8, 0x80, 0x80, 0xff, 0x00, 0x00, 0x00, 0xff, 0x00,
    0x00, 0x80, 0x80, 0x80, 0x80, 0x00, 0x00, 0x80, 0x80, 0x80, 0x80, 0x80, 0x80, 0x00, 0x00, 0x00,
    0x00, 0x00, 0x00, 0xc0, 0xf0, 0xf8, 0x1c, 0x06, 0x02, 0x02, 0x02, 0x06, 0x1c, 0x5e, 0x40, 0xef,
    0x80, 0xc0, 0x4f, 0x40, 0x00, 0x40, 0xe0, 0xe0, 0x00, 0x00, 0xc0, 0xef, 0x60, 0x00, 0x00, 0x0f,
    0xc0, 0xe0, 0x20, 0x60, 0x60, 0x00, 0x80, 0xf2, 0xfe, 0x4e, 0x40, 0xe0, 0xe0, 0x00, 0xff, 0x00,
    0x00, 0xff, 0x00, 0x00, 0x0f, 0x08, 0x08, 0x0f, 0x00, 0x00, 0x00, 0x00, 0x00, 0x00, 0x00, 0x00,
    0x00, 0x00, 0x00, 0x03, 0x07, 0x0f, 0x08, 0x08, 0x08, 0x0c, 0x04, 0x07, 0x01, 0x00, 0x0e, 0x0f,
    0x03, 0x00, 0x00, 0x00, 0x00, 0x0e, 0x0f, 0x09, 0x04, 0x06, 0x0f, 0x09, 0x0c, 0x00, 0x04, 0x0c,
    0x08, 0x09, 0x0f, 0x06, 0x00, 0x0c, 0x0f, 0x03, 0x00, 0x00, 0x0e, 0x0f, 0x09, 0x04, 0x01, 0x02,
    0x02, 0x03, 0x00, 0x00, 0x00, 0x00, 0x00, 0x00, 0x00, 0x00, 0x00, 0x00, 0x00, 0x00, 0x00, 0x00,
  },
  { // frame 2
    0x00, 0x00, 0x00, 0x00, 0x00, 0x00, 0x00, 0x00, 0x00, 0x00, 0x00, 0x00, 0x00, 0x00, 0x00, 0x00,
    0x00, 0x00, 0x00, 0x00, 0x00, 0x00, 0x00, 0x00, 0x00, 0x00, 0x00, 0x00, 0x00, 0x00, 0x00, 0x00,
    0x00, 0x00, 0x00, 0x00, 0x00, 0x00, 0x00, 0x80, 0x80, 0x80, 0x80, 0x00, 0x00, 0x00, 0x00, 0x00,
    0x00, 0x00, 0x00, 0x00, 0x00, 0x00, 0x00, 0x00, 0x00, 0x00, 0x00, 0x00, 0x00, 0x00, 0x00, 0x00,
    0x00, 0x00, 0x00, 0xf0, 0x10, 0x10, 0xf0, 0x80, 0x80, 0x80, 0x80, 0x80, 0x80, 0x80, 0x80, 0xf8,
    0x08, 0x08, 0xf8, 0x00, 0x00, 0x80, 0x80, 0x80, 0x80, 0x80, 0xf8, 0x08, 0x08, 0x08, 0xf8, 0x00,
    0x00, 0x00, 0x80, 0x80, 0x80, 0x80, 0x80, 0xff, 0x00, 0x00, 0xff, 0x80, 0x80, 0xf8, 0x08, 0x08,
    0x08, 0xf8, 0x00, 0x00, 0x80, 0x80, 0x80, 0x80, 0x00, 0x00, 0x80, 0x80, 0x80, 0x00, 0x00, 0x00,
    0x00, 0x00, 0x00, 0xc0, 0xf0, 0xf8, 0x1c, 0x06, 0x02, 0x02, 0x02, 0x06, 0x1c, 0x5e, 0x40, 0xe0,
    0x80, 0xc0, 0x5f, 0x50, 0x10, 0x4f, 0xe0, 0xe0, 0x00, 0x00, 0xc0, 0xe0, 0x60, 0x00, 0x0f, 0x00,
    0xc0, 0xe0, 0x2f, 0x60, 0x60, 0x00, 0x80, 0xf2, 0xfe, 0x4e, 0x40, 0xe0, 0xe0, 0x00, 0x00, 0x00,
    0x00, 0xff, 0x00, 0x00, 0xff, 0x00, 0x00, 0x03, 0x02, 0x02, 0x03, 0x00, 0x00, 0x00, 0x00, 0x00,
    0x00, 0x00, 0x00, 0x03, 0x07, 0x0f, 0x08, 0x08, 0x08, 0x0c, 0x04, 0x07, 0x01, 0x00, 0x0e, 0x0f,
    0x03, 0x00, 0x00, 0x00, 0x00, 0x0e, 0x0f, 0x09, 0x04, 0x06, 0x0f, 0x09, 0x0c, 0x00, 0x04, 0x0c,
    0x08, 0x09, 0x0f, 0x06, 0x00, 0x0c, 0x0f, 0x03, 0x00, 0x00, 0x0e, 0x0f, 0x09, 0x04, 0x00, 0x00,
    0x00, 0x03, 0x02, 0x02, 0x03, 0x00, 0x00, 0x00, 0x00, 0x00, 0x00, 0x00, 0x00, 0x00, 0x00, 0x00,
  },
  { // frame 3
    0x00, 0x00, 0x00, 0x00, 0x00, 0x00, 0x00, 0x00, 0x00, 0x00, 0x00, 0x00, 0x00, 0x00, 0x00, 0x00,
    0x00, 0x00, 0x00, 0x00, 0x00, 0x00, 0x00, 0x00, 0x00, 0x00, 0x00, 0x00, 0x00, 0x00, 0x00, 0x00,
    0x00, 0x00, 0x00, 0x00, 0x00, 0x00, 0x00, 0x00, 0x00, 0x00, 0x00, 0x00, 0x00, 0x00, 0x00, 0x00,
    0x00, 0x00, 0x00, 0x00, 0x00, 0x00, 0x00, 0x00, 0x00, 0x00, 0x00, 0x00, 0x00, 0x00, 0x00, 0x00,
    0x00, 0x00, 0x00, 0x80, 0x80, 0x80, 0xf0, 0x10, 0x10, 0xf0, 0x80, 0x80, 0x80, 0x80, 0x80, 0x80,
    0x80, 0x80, 0xff, 0x01, 0x01, 0xff, 0x00, 0x00, 0x80, 0x80, 0x80, 0x80, 0x80, 0xff, 0x01, 0x01,
    0x01, 0xff, 0x00, 0x00, 0x00, 0x80, 0x80, 0x80, 0x80, 0x80, 0xf8, 0x08, 0x08, 0xf8, 0x80, 0x80,
    0xf8, 0x08, 0x08, 0x08, 0xf8, 0x00, 0x00, 0x80, 0x80, 0x80, 0x80, 0x00, 0x00, 0x00, 0x00, 0x00,
    0x00, 0x00, 0x00, 0xc0, 0xf0, 0xf8, 0x1c, 0x06, 0x02, 0x02, 0x02, 0x06, 0x1c, 0x5e, 0x40, 0xe0,
    0x80, 0xc0, 0x40, 0x40, 0x00, 0x4f, 0xe0, 0xe0, 0x0f, 0x00, 0xc0, 0xe0, 0x60, 0x00, 0x00, 0x00,
    0xc0, 0xef, 0x20, 0x60, 0x60, 0x0f, 0x80, 0xf2, 0xfe, 0x4e, 0x40, 0xe0, 0xe0, 0x00, 0x00, 0x00,
    0x00, 0x00, 0x00, 0x00, 0xff, 0x00, 0x00, 0xff, 0x00, 0x00, 0x03, 0x02, 0x02, 0x00, 0x00, 0x00,
    0x00, 0x00, 0x00, 0x03, 0x07, 0x0f, 0x08, 0x08, 0x08, 0x0c, 0x04, 0x07, 0x01, 0x00, 0x0e, 0x0f,
    0x03, 0x00, 0x00, 0x00, 0x00, 0x0e, 0x0f, 0x09, 0x04, 0x06, 0x0f, 0x09, 0x0c, 0x00, 0x04, 0x0c,
    0x08, 0x09, 0x0f, 0x06, 0x00, 0x0c, 0x0f, 0x03, 0x00, 0x00, 0x0e, 0x0f, 0x09, 0x04, 0x00, 0x00,
    0x00, 0x00, 0x00, 0x00, 0x03, 0x02, 0x02, 0x03, 0x00, 0x00, 0x00, 0x00, 0x00, 0x00, 0x00, 0x00,
  },
  { // frame 4
    0x00, 0x00, 0x00, 0x00, 0x00, 0x00, 0x00, 0x00, 0x00, 0x00, 0x00, 0x00, 0x00, 0x00, 0x00, 0x00,
    0x00, 0x00, 0x00, 0x00, 0x00, 0x00, 0x00, 0x00, 0x00, 0x00, 0x00, 0x00, 0x00, 0x00, 0x00, 0x00,
    0xe0, 0x20, 0x20, 0x20, 0xe0, 0x00, 0x00, 0x00, 0x00, 0x00, 0x00, 0x00, 0x00, 0x00, 0x00, 0x00,
    0x00, 0x00, 0x00, 0x00, 0x00, 0x00, 0x00, 0x00, 0x00, 0x00, 0x00, 0x00, 0x00, 0x00, 0x00, 0x00,
    0x00, 0x00, 0x00, 0x80, 0x80, 0x80, 0x80, 0x80, 0x80, 0xf0, 0x10, 0x10, 0xf0, 0x80, 0x80, 0x80,
    0x80, 0x80, 0x80, 0x80, 0x80, 0xf0, 0x10, 0x10, 0xf0, 0x00, 0x00, 0x80, 0x80, 0x80, 0x80, 0x80,
    0xff, 0x00, 0x00, 0x00, 0xff, 0x00, 0x00, 0x00, 0x80, 0x80, 0x80, 0x80, 0x80, 0xe0, 0x20, 0x20,
    0xe0, 0x80, 0x80, 0xf8, 0x08, 0x08, 0x08, 0xf8, 0x00, 0x00, 0x80, 0x80, 0x80, 0x00, 0x00, 0x00,
    0x00, 0x00, 0x00, 0xc0, 0xf0, 0xf8, 0x1c, 0x06, 0x02, 0x02, 0x02, 0x06, 0x1c, 0x5e, 0x40, 0xe0,
    0x80, 0xc0, 0x40, 0x40, 0x00, 0x40, 0xe0, 0xe0, 0x0f, 0x00, 0xc0, 0xef, 0x60, 0x00, 0x00, 0x00,
    0xc0, 0xe0, 0x20, 0x60, 0x6f, 0x00, 0x80, 0xf2, 0xfe, 0x4e, 0x40, 0xe0, 0xe0, 0x00, 0x00, 0x00,
    0x00, 0x00, 0x00, 0x00, 0x00, 0x00, 0x00, 0x7f, 0x40, 0x40, 0x7f, 0x00, 0x00, 0x00, 0x00, 0x00,
    0x00, 0x00, 0x00, 0x03, 0x07, 0x0f, 0x08, 0x08, 0x08, 0x0c, 0x04, 0x07, 0x01, 0x00, 0x0e, 0x0f,
    0x03, 0x00, 0x00, 0x00, 0x00, 0x0e, 0x0f, 0x09, 0x04, 0x06, 0x0f, 0x09, 0x0c, 0x00, 0x04, 0x0c,
    0x08, 0x09, 0x0f, 0x06, 0x00, 0x0c, 0x0f, 0x03, 0x00, 0x00, 0x0e, 0x0f, 0x09, 0x04, 0x00, 0x00,
    0x00, 0x00, 0x00, 0x00, 0x00, 0x00, 0x00, 0x00, 0x00, 0x00, 0x00, 0x00, 0x00, 0x00, 0x00, 0x00,
  },
};

static const PicoProSelectorIcon PICOPRO_SELECTOR_APP_ICONS[] = {
  { PICOPRO_SELECTOR_DELAY_ICON_FRAMES, 6u },
  { PICOPRO_SELECTOR_REVERB_ICON_FRAMES, 23u },
  { PICOPRO_SELECTOR_TUNER_ICON_FRAMES, 8u },
  { PICOPRO_SELECTOR_WAVETABLE_ICON_FRAMES, 9u },
  { PICOPRO_SELECTOR_GRAIN_ICON_FRAMES, 16u },
  { PICOPRO_SELECTOR_RINGS_ICON_FRAMES, 12u },
  { PICOPRO_SELECTOR_ACID_ICON_FRAMES, 4u },
  { PICOPRO_SELECTOR_CALIBRATION_ICON_FRAMES, 1u },
  { PICOPRO_SELECTOR_GLITCH_ICON_FRAMES, 13u },
  { PICOPRO_SELECTOR_FLANGER_ICON_FRAMES, 15u },
  { PICOPRO_SELECTOR_DUCKING_ICON_FRAMES, 17u },
  { PICOPRO_SELECTOR_CRUSH_ICON_FRAMES, 4u },
};

#define PICOPRO_SELECTOR_APP_ICON_COUNT 12u

#endif // PICOPRO_SELECTOR_APP_ICONS_H_
